"nombre","informacion"
"""PEDRO ABADIA","Don Pedro Abadía, comerciante próspero e introductor de las máquinas a vapor para desaguar las minas de Cerro de Pasco, na- ció en Navarra, España. Joven aún, se dedicó | al comercio, actividad en la que logró prosperar. Ya en Lima, colaboró con el Virrey Abascal co- mo capitán del Regimiento de la Concordia. Durante su permanencia en este Virreynato, fue muy estimado por muchos gobernantes, a los cuales supo asesorar en asuntos económicos y hacendarios, Por esos años, don Pedro Abadía se interesó en la agricultura, a la que buscó que impulsar con la aclimatación en las costas del Perú de la caña de azúcar de la India y gra- malote de las Antillas. ñ Pero su espíritu inquicto y Obser- vador, le condujo a participar en el quehacer minero de ese £ntonces, planteando a los mi neros de Cerro de Pasco, en compañía de don José Arismendi y Francisco Ubillé el proyecto de emplear máquinas de vapor para efectuar la libor de desaguar las ricas minas de ese lugar, y poder así proseguir su explotación. Tal pro- puesta halló aceptación unánime, encargándo- sele al suizo Ubillé la ubicación y compra de esas máquinas. e Siendo así que vijó a. Inglaterra en cumplimiento de esa misión, dando,con esa preciada tecnología en el taller de. William Rowley, fabricante de máquinas en la calle Cleveland, Plaza Fitzroy, London. E Y de aquella siludable * experien- cia, se iniciaron las conversaciones y tratos con Richard Trevithick, inventor, aventurero y pro- pulsor de las aplicaciones del vapor; y que más tarde, proporcionó máquinas de vapor, calde- ras, máquinas de izaje y de trituración, en con- dición de socio de la empresa de desagilc. ] | \x0cDe aquel importante hecho en la minería peruana, el conocido historiógrafo don Manuel de Mendiburo, refiere en su “Diccionario His- tórico-Biográfico del Perú” lo siguiente: ”Ven- cidas las grandes dificultades que ofreció el conducir dichas máquinas y las consiguientes a su planificación y arreglo con ingentes gastos, empezaron a funcionar en julio de 1816 en el mineral de Santa Rosa (Cerro de Pasco). Los apoderados de la compañía que intervinieron en el ensayo, fueron Ubillé, D. Tomás Gallegos y D. Luis Anselmo Landavere y autorizaron el auto al Gobernador Intendente de Tarma, D. José Gonzáles Prada, el Juez Real de Cerro Dr. D. José de Larrea y Laredo, el Cura Vicario Dr. A. Santiago O'chelau, el administrador de minería D. Juan Manuel Quiroz y el Diputado del Ramo D. José de Lagos y Lemus”. Y después de este gran suceso que fue mo- tivo de muchos comentarios en la ciudad de Li- ma, se dice que hubo dificultades en el funcio- namiento. de esas bombas, lo cual obligó al in- geniero Trevithick a viajar al Perú, a fin de solu- cionar aquella situación. Poco después, a causa de la guerra de la Independencia, muchos abandonaron esa dura tarea, contribuyendo así, en esos años de con- vulsión y crisis económica, a que ese intento quedara frustrado. Concluyó aquella experien- cia con la expulsión de don Pedro Abadía, al ser acusado injustamente de convivencia con los españoles durante las luchas por la Independen- cia americana. Posteriormente, al pasar ese pe- ríodo de luchas y violencia, retomó al Perú, es- tableciéndose en Lima, donde dejó de existir por el año de 1833, ; Su obra en pro del desarrollo de ese enton- ces, aunque no logró el éxito esperado dadas las circunstancias, se constituyó en importante antecedente que tiempo después fue retomado por otros audaces mineros, \x0c""} '"
"ISIDRO DE ABARCA","Don Isidro de Abarca, Conde de San I dro, fue administrador del Tribunal de Miner en 1793.* Desempeñó las funciones de Prior del T: bunal del Consulado en cinco períodos (el p mero en 1785, el último en 1799)."
"DON FERNANDO DE ABASCAL Y SOUSA","Don Fernando de Abascal y Sousa, Ma qués de la Concordia y Virrey del Perú, nac un 3 de junio del año de 1743 en Quiedo, E paña. Iniciado desde joven en la carrera de L armas, llegó a ser Capitán General, Presiden de la Real Audiencia de Guadalajara, Marisc de Campo de los ejércitos y Virrey de Buenc Aires. Fue por esos años de su gobierno por es: tierras, que fue nombrado Virrey del Perú, en cumplimiento de tal orden, viajó a tierr: peruanas, ingresando a la ciudad de Lima « 26 de julio de 1806 para gobernar hasta el 1 de julio de 1816. Durante su período tomó providencia par terminar la nueva fábrica de pólvora, de caza: de minas para reemplazar a la anterior destinad para el fuego en 1792. Es justo mencionar s apoyo a la educación, ya que fue el impulso de la creación y construcción del Colegio d Medicina de San Fernando con la ayuda de protomédico general doctor don Hipólito Uní nue. También supo apoyar la empresa Abadí: Ubillé y Arismendi para designar las minas d Cerro de Pasco, facilitando la llegada de lo equipos correspondientes desde Inglaterra, lo que empezaron a funcionar en el mes de Julk de 1816. mes Y después de tan importante ayuda a sector minero de ese entonces y a otros campo de la actividad socioeconómica del virreynato entregó el mando al nuevo Virrey don Joaquís de la Pezuela, . El virrey Abascal partió de Lima el 13 de noviembre del año 1816, rumbo a España donde fue bien recibido por el Rey y nombrado Capitán General y Consejero de Guerra, puestos que desempeñó con gran notoriedad hasta su fallecimiento que ocurrió en la ciudad de Ma. drid, un 31 de julio del año de 1821 a la edad de 78 años, \x0c"
"LINO ABRAM CABALLERINO","Realizó sus estudios académicos en la Uni: versidad Nacional Mayor de San Marcos, en la especialidad de Ingeniería Química, posterior. mente en la Escuela Superior de Administra. ción de Empresas, especialidad de Química. Toda su experiencia la ha realizado en Minero Perú, desempeñando los siguientes Cargos: Analista Financiero, Jefe del Departamento de Estudios de Inversión y como Jefe del Depar- tamento de Estudio Económico."
"ISAAC ACEVEDO","Ingresó a la Escuela de Construcciones Ci viles y de Minas, luego Escuela de Ingenieros y hoy Universidad Nacional de Ingeniería, en el año de 1916. En este mismo centro de estudios superiores, en 1919, concluyó sus estudios de Ingeniería de Minas. Obtuvo su diploma en el año de 1921, Desarrolló diversas actividades mineras en varias zonas del país. Escribió un informe so- bre la concesión petrolífera “Presidente Hare ding”, Sus estudios mineros se encuentran ano- tados en el tomo Bibliografía, de esta obra, con las fichas correspondientes a los números (13) y (14). Perteneció a la promoción de ingenieros mineros de 1919 conjuntamente con los inge- nieros Pedro Domínguez, Alberto Huapaya, Guillermo Machiavelo y José M. Zegarra."
"PADRE JOSE DE ACOSTA S. J.","Quien escribiera tan interesante, peculiar y bien documentada obra “Historia Natural y Moral”, notable estudio de historia social sobre la compleja y exhuberante flora, fauna y mine- tales en el Nuevo Mundo, nació en Medina del Campo, España, por el año 1540. Años más tarde, inició estudios en la Universidad de Sa- lamanca. a En 1555 ingresó en la Compañía de Jesús. Dieciséis años después, es decir en 1571 viajó al Perú de segundo Provincial, escribiendo en tie- rras peruanas los dos primeros libros de su ya nombrada obra que le diera fama imperecedera a través del tiempo. ÓN Su “Historia Natural y Moral” se impr- mió en la ciudad de Sevilla, en 1590. Tres años antes, en 1587, fecha ésta de su retorno a España. fue requerido para ocupar el caro de Rector de Valladolid. \x0c'} 'Fueron muchos los que se ocuparon de su obra, pero juicio certero sobre la misma, es evidentemente la anotada por don Antonio de León Pinelo en su obra “Epítome de la Biblio- teca Oriental y Occidental, Náutica y Geográ- fica”. También dieron su opinión acerca de tan importante obra los ingenieros de minas espa- ñoles D. Eugenio Maffei y D. Ramón Rua Fi- gueroa en su trabajo “Apuntes para una Biblio- teca Española” y en la que manifiestan: “Ocupa ésta el primer lugar entre los que tratan en la historia natural de las Indias... El P, Feijóo lla- ma a este autor el Plinio del Nuevo Mundo... El libro IV está destinado a los productos natu- rales, mineralogía, botánica y zoología en las Indias, ocupándose en el capítulo 11 De la abun dancia de metales que hay en las Indias Occi dentales. III De la calidad de la tierra donde se hallan metales... IV Del oro que se labra en las Indias. V-De la plata de Indias. VI Del cerro de Potosí y de su descubrimiento. VII De la rique- za que se ha sacado y cada día se va sacando del cerro Potosí. VIII Del modo de labrar las minas de Potosí. IX Cómo se beneficia el metal de la plata. X De las propiedades maravillosas del azogue. XI Dónde se halla el azogue y cómo se descubrieron sus minas riquísimas en Huanca- velica, XII Del modo y arte como se saca el “ azogue y se beneficia con él la plata. XIII-De los ingenios para moler metales y del ensayo de la plata, XIV De las esmeraldas”. “Acosta no omite ninguna de las opera- ciones del beneficio de la plata, empezando por describir el procedimiento de la destilación del azogue, que por ser la primera reseña de esta operación en los tiempos modernos y para dar una prucba de la precisión de su estilo, nos permitiremos trasladarla a estas páginas. “La piedra o metal donde el azogue se halla, dice en el Cap. XII, se mide y pone en unas ollas al fuego tapados, y allí, fundiéndose, o derri- tiéndose aquel metal, se despide del azogue con la fuerza del fuego, y sale su exhalación a vuel: tos en el humo de dicho fuego, y suele ir siem- pre arriba, hasta tanto que tapa algún cuerpo, donde para, y se cuaja, o sí pasa arriba sin to par cuerpo duro, llega hasta donde se enfría, y allí se cuaja y vuelve a caer abajo, Cuando está hecha la fundición destapan las ollas y sa- can el metal. Lo cual procuran se haga estando ya frías, porque si da algún humo o vapor de aquel a las personas que destapan las ollas, se azogan y mueren o quedan muy maltratados, pierden los dientes. Para dar fuego a los meta: . «les, porque se gasta infinita leña halló un mé j nero por nombre Rodrigo de Torres una inven E \x0cción utilísima, y fue coger de una paja que nace por todos aquellos cerros del Perú, la cual allí llaman Icho, y es a modo de expastos... y con ella dan fuego...”. “Sobre la introducción del beneficio de la plata por azogue en Potosí, dio lo siguiente (Cap. XI): “En tiempo que gober- naba el Prior D. Francisco de Toledo, un hom- bre que había estado en México, y visto cómo se sacaba la plata con azogues, llamado Fernán- dez de Velasco, se ofreció de sacar la plata de Potosí por azogue. Y hecha la prueba y salien- do muy bien el año de setenta y uno se comen- z6, en Potosí a beneficiar la plata, con losazo- gues que se llevaron de Huancavelica y fue el remedio total de aquellas minas, porque con el azogue se sacó la plata infinita de los metales que estaban desechados que llamaban desmon- te... Sácanse un año con otro de las minas de Huancavelica ocho mil quintales de azogue y aún más”. Por último, después de describir la multitud de operaciones a que en la amalgama- ción... se sometían los minerales de plata, la- mas..., etc., dice: “todos estos tormentos y (por decirlo así) martirios pasa la plata para ser fría, que si bien se mira es un amasijo for- mado... donde se muele y se cierne, y se amasa, y lenda, y se cuece la plata, y aun fuera de eso se lava, y relava, y se cuece, y recuece pasando por mezos, y cedazos, y artezas, y buitrones... y tinas, y bateas, y exprimideros, y hornos, y finalmente por agua y fuego”. El autor de tan veraces descripciones, el padre José Acosta, dejó de existir en Salamanca un 15 de febrero de 1600."
"SILVESTRE NICANOR ACOSTA EGOAVIL","Nació en 1950; sus estudios académicos los hizo en la Universidad Nacional del Centro del Perú en la especialidad de Ingeniería Mecá- nica. Experiencia realizada en la Southern Peru Copper Corporation, como Supervisor Mecánico."
"GUILLERMO ADAWI","| Se recibió de ingeniero químico en la Uni- | versidad Nacional de Trujillo, especializándose en Flotación e Hidrometalurgia. Este profesional se desempeña en la em- y presa Southern Peru Copper Corporation, en la Planta Piloto de Lixiviación. A A \x0c'}"
"""CÁRLOS AGREDA TURRIATE","Nació en el año 1942, Sus estudios acadé- micos los realizó en la Universidad Nacional de Ingeniería, siendo miembro de la promoción de 1966. Posteriormente efectuó estudios de post grado en Queen's University, Ontario, Canadá, en 1977, y en University of Saskatchewan en 1978. Su experiencia profesional se extiende en el vasto campo de la Ingeniería Minera, como son, voladura y perforación de IOcas, planea- miento de minas y aplicación de programas computarizados en minería. También ha reali- zado proyectos gerenciales y análisis financie- TOS. El ingeniero Agreda inició su carrera pro- fesional en 1966 en la empresa Cerro de Pasco Copper Corporation, en Cerro de Pasco, tenien- do a su cargo el control de producción en la sección de minería subterránea. Al año siguien- te pasó a Marcona Mining Co., en Ica, donde desempeñó sucesivamente los cargos de pro- gramador-analista en el departamento de inves tigación operativa, supervisor de control de cali- dad en el laboratorio químico, supervisor de operaciones de voladura de roca en el departa- mento de producción y supervisor de las ope- raciones mineras en el mismo departamento. En 1974 fue contratado por Minero Perú, como superintendente de minas en Cerro Ver- de, donde tuvo a su cargo los departamentos de Ingeniería y Producción Minera. Entre 1976 y 1977 llevó a cabo estudios de post grado en Queen's University en Kings ton, Ontario, donde se desempeñó como inves tigador asistente, en el Departamento de Mine- ría. Al término de estos estudios fue contrata- do por diversas empresas canadienses, donde desempeña hasta la fecha cargos relevantes. En las publicaciones de este destacado profesional figuran “Ventilación de Minas como un factor de seguridad, eficiencia e higiene industrial”, Cerro de Pasco Copper Co., Cerro de Pasco, 1967; “Solución del problema del transporte con ayuda de simulación computarizada en la Mina Marcona”, Ica, 1969; “Uso de aceites Burnt como ingrediente de ANFO para redu- cir los costos de voladura en las operaciones mineras a tajo abierto”, Marcona Mining Co., Ica, 1973; “Uso de un rodillo de Pentacord como cebo, para reemplazo de dinamita, en agujeros de diámetro pequeño” (P = 2”, 2 1/2” y 3”), Minero Perú, Cerro Verde, Are- quipa, 1975; “The Novel System at Denison Mines”, Elliot Lake, Ontario 1977; “Haulage Fquipment Requirements I'stimation for a \x0cDd o O Strip Coal Mine, using Computer Simulation Kinston, Ontario, Canadá 1980 y “Tander, Dragline Operations”, Calgary, Alberta, 1982."
"JORGE AGRAMONTE BERMEJO","Estudio Geología en la Universidad de San Marcos en la cual se graduó en 1963 de bachiller e ingeniero geólogo, Se ha especializado en Geología de Carbón y No Metálicos, Trabaja actualmente en el Instituto Geo- lógico Minero y Metalúrgico (INGEMMET)."
"LUCIO AGUILAR CONDEMARIN","El ingeniero Lucio Aguilar Condemarín ingresó a la Escuela de Construceiones Civiles y de Minas, luego Escuela de Ingenieros y hoy Universidad Nacional de Ingeniería, en el año de 1931. En este mismo centro superior, en 1934, concluyó sus estudios de Ingeniería de Minas. En el año de 1938 obtuvo su diploma de ingeniero de minas. Sus múltiples actividades profesionales en el campo minero, como así también su labor institucional y educativa queda resumida de la siguiente manera: Ingenicro Jefe del Departa- mento de Investigaciones Metalúrgicas del Cuer- po de Ingenieros de Minas; Ingeniero Ayudante del estudio del aventadero aurífero de Aporo- ma, Puno; Jefe de la Comisión de Estudios de la región aurifera de los ríos Pichis, Pachitea y Napo; explotación hidráulica de los aventa- deros de oro en la Compañía San Juan del Oro S.A., en Sandia, departamento de Puno; Inge- nicro Jefe del Departamento de Exploración del Carbón del Cuerpo de Ingenieros de Minas en el Alto Chicama y Cuenca del Río Santa; D+ rector Ejecutivo del Cuerpo de Ingenieros de Minas; Director Ejecutivo del Instituto Nacio- nal de Investigación y Fomento Minero, hoy | Instituto Geológico, Minero y Metalúrgico; : Director, Vicepresidente y Presidente Interino del Directorio del Banco Minero del Perú, en- tre los años 1967 y 1969; Presidente del Insti- tuto de Ingenieros de Minas del Perú; Catedrá- tico Principal de la Universidad Nacional de - Ingenicría, posteriormente Decano y luego | Director del Programa Académico de la Facul- y tad de Ingeniería Geológica, Minera y Metalúr- gica de la citada Universidad; Catedrático Prin- \x0c""} ""E cipal del Programa Académico de Ingeniería metalúrgica de la citada Universidad; Catedrá- tico Principal del Programa Académico de In- geniería Metalúrgica de la Universidad de Li- ma; Catedrático Principal de la Facultad de Química de la Universidad Nacional Mayor de San Marcos; Presidente de ALAMI, Asocia- ción Latinoamericana de Mineralurgia, entre los años 1972 y 1974; Ingeniero Consultor de varias empresas mineras; Surupana 'S.A., El Brocal S.A., Río Grande S.A., Perú Molibdeno S.A., Santo Toribio S.A., Fermín Málaga San- tolalla e Hijos y Tungsteno Peruana S.A.; Miembro de la Comisión que redactó la Ley de Promoción Aurífera (Decreto Ley No. 22178 del 9 de mayo de 1978); Director General de Minería del Ministerio de Energía y Minas, en 1978; miembro del Directorio de varias em- presas, tales como Maestranza General S.A., Deltron S.A., Compañía Minera Santo Toribio S.A., Compañía Surupana S.A. y MOTLIMA S.A. (Consultora de Ingeniería) y conferencista en varias universidades europeas. Actualmente, Director Gerente de las compañías auriferas: Chapi, Chavín y Caridad."
"ABSALON AGUILAR LAGOS","Cursó sus estudios académicos en la Uni versidad Nacional Mayor de San Marcos en h especialidad de Geología. Su experiencia se halla en Minero Perú donde ha desempeñado los cargos de Superintendente de Operación - Bayóvar, Superintendente Técnico - Bayóvar y Superintendente Técnico - Administrativo - Bayóvar. GABRIEL AGUILAR (*) A raíz de la Independencia de los Estados Unidos de América y de la Revolución Fran- cesa, la vigilancia de las autoridades virreyna- les se multiplicó, para impedir que las ideas que provocaron tales acontecimientos se propagaran en América española. Pero pese a todo ello, dichas luces que proclamaban los derechos del hombre y la libertad de los pueblos, penctraron, por diversos medios, a estas tierras y germina- ron en los cerebros más atentos a la renova- Por el Dr. José Varallanos(1) (*) Minero y metalurgista, precursor de la independencia y Benemérito de la Patria. \x0cón y al deseo de libertarnos de España y de su duco régimen. Jistas ideas libertarias alimentadas, sobre do, por los criollos y mestizos, paisanos y gos, pobres y ricos, rebasaron también los ndes de Huánuco y provincias, como veremos ás adelante, Después de la gran rebelión de sé Gabriel de Condorcanqui o Túpac Amaru, 1 1780, Huánuco debía tener el privilegio que no de sus hijos habría de ser el autor y actor el primer plan, en cl siglo XIX, en pro de la ¡bertad del Perú; llamado por la historia Con- uración del Cusco de 1805. Aquel hijo de luánuco precursor de la Independencia, este romántico visionario de la libertad” fue el nineraloyista y metalúrgico don Gabriel Aguilar y Narbarte, nacido en aquella ciudad, en 1772. (2). Por creerlo de particular interés, traslada- mos íntegramente una sintética relación escrita , pocos años de la conjuración y cuyos datos fueron tomados de fehacientes documentos oficiales. (3) «Don Gabriel Aguilar —José Gabriel, dice en la relación—, natural de Huánuco, mineraló- gico de profesión, después de haber recorrido los reinos de España y la mayor parte del Perú, regresó a la ciudad del Cusco donde se encon- tró con el doctor don Manuel Ubalde, que ser- vía actualmente el empleo de teniente asesor interino de aquel gobierno, con quien comuni có la idea que tenía de sustraer esta parte de América del dominio del Rey de España y halló en el asesor igual disposición para la empresa. “Desde aquel día comenzaron a trabajar ambos para poner en planta su proyecto. Ubal- de lo comunicó con el padre lector fray Diego Barranco que le sirvió de apoyo y estímulo para seguir sus maquinaciones y para reducir a su vo- luntad a los indios, trató de hablar con don Manuel Valverde, que se decía descendiente de los emperadores incas, y le propuso con L apa- riencia de revelaciones o visiones de que era lle- gada la época de que recuperase los dominios de sus antepasados, a lo que él convino de bue- na fe, si era así la voluntad de Dios; también trató de casarlo con la hija de don Agustín Becerra, escribano de gobierno, muy relaciona- do con la ciudad. Habló el abogado protector de naturales don Marcos Dongo, a don Maria- no Lechuga, a don Mariano Campero, a don Francisco Alvarez, a Pablo Incaroca, a los elec- tores de las ocho parroquias de la ciudad y así a otros muchos que se atrajo a su partido, tanto por el puesto que obtenía, cuanto por la afluencia persuasiva que poscía. Mientras tanto Aguilar había pasado a la Paz y al mineral de Chimboya donde entre oiras inclinó a su parti- \x0c""} 'do a Mariano Mejía Esquivel y al médico Just: Justiniani, hombre de ingenio y proporcionad: para inquietar los ánimos de los habitantes d todas esas provincias, Vuelto Aguilar al Cuscc trató de formalizar el proyecto, pero con l: mira que recayera en él la corona del Imperio, la cual causó algún retroceso en los ánimos de los conjurados, aunque Valverde miró esto con indiferencia, pues se le hizo creer era conve- niente por varias revelaciones que se habían tenido. “Estaban ya dispuestos los indios de las ocho parroquias, cuatro mil de la de San Geró- nimo que proporcionaba Dongo, cien hombres del regimiento de Paucartambo que mandaba el teniente coronel don Pablo Astete y contába- se además con que don José Miranda y el pres- bítero Ochoa reuniese sus parciales en Arequi- pa. Preparadas así todas las cosas, se extendió el plan de sorprender a la tropa que se hallaba en el cuartel y apoderarse de las armas y muni- ciones. Deponer al Presidente y Real Audiencia, proclamar a don Gabriel Aguilar, el que saldría con su ejército por la carrera de Lima, y Lechu- ga con el suyo por el Collao y Potosí. “No obstante que a Lechuga se le había ofrecido el mando general de las armas, parece que no estuvo convenido con la transformación, pues el 23 de junio pasó a casa del oidor don Manuel Plácido Berriozábal y puso su denuncia en forma, haciendo que el oidor y su secretario se apostasen en su casa donde hizo llamar a Ubalde la noche del 28 del mismo. No propúso- se en la conversación otra cosa, que confirmarle estaba a favor de Aguilar, contando como se- guro con la yoluntad de Dios, sin necesidad de precipitar la empresa; todo lo que fue oído por los ocultados; con estos datos se procedió a la captura de los reos y cómplices, que fueron aprehendidos sin mayor dificultad. “Procedióse a formalizar la causa por co- misión, no admitiéndose excepción ni distin- ción de personas, teniendo a los complicados en rigurosa prisión y privados de comunica- ción; hacíase reconocer el pan y el alimento que se les introducía, acuarteláronse tropas mientras se remitían de Lima y, en fin, se to- maron todas las precauciones necesarias, “Las competencias suscitadas con el Obispo, el recelo que se tenía de La Paz, donde diariamente se ponían pasquines y los trámites judiciales, demoraron la causa hasta el tres de diciembre, en que se sentenció a penas capital de horca a don Gabriel Aguilar y a don Manuel Ubalde, declarándolos antes traidores; a don Marcos Dongo a diez años de presidio en Alrica y a disposición del Rey, contiscándole \x0clos bienes de los tres, declarando además como inhábiles para obtener empleo, borrándolo de la lista de abogados; fray Diego Barranco, e] presbítero Gutiérrez y don Manuel Valverde, que fuesen remitidos a España, bajo partida de registro y a los demás a penas correccionales cuya sentencia se ejecutó el cinco del indicado mes de diciembre de 1805, habiendo sufrido la última pena Aguilar y Ubalde”,(4) Agreguemos a lo transcrito un Tesumen de los autos del proceso, como de Otros documen. tos, para mejor conocimiento de los hechos cuanto a la biografía de nuestro Personaje, (5) No habiendo concurrido a la casa de Le. chuga donde fuera detenido Ubalde y otros conjurados, en la celada tendida por aquel traj- dor, Aguilar fue apresado el 3 de julio por ej esbirro Francisco Bruno en el pueblo de Cura. huasi, al N.O. del Cusco, en la cuenca del río Apurímac, donde ultimaba los detalles del le- vantamiento (6). Conducido a la Ciudad Impe- rial, fue encarcelado, abriéndosele causa de gue- rra, juntamente que a sus cómplices, como está visto. En un legajo que revisamos en el Archivo Histórico Nacional de Madrid (1961), prestar su instructiva ante el Juez Comisionado Berriozá- bal, dijo llamarse Gabriel Aguilar, tener 31 años de edad, ser natural de Huánuco, viudo y de profesión “mineralogista y metalúrgico”(7). Que en 1787 abandonó a sus padres y ciudad natal para constituirse en Lima en la que se ilustró; y que recorrió parte de los virreynatos del Perú y Buenos Aires y la Capitanía Gene- ral de Chile, descubriendo yacimientos minera- lcs, como el de Recuay (Huaylas, Perú), Huar- co, Copiapó, Río Colorado (Chile), Chayanta (Potosí) y Mendoza (Río de La Plata). Manifes- tó, asimismo, que por la ruta de Lima, Jauja, Huamanga, Cusco, La Paz, Tucumán y Buenos Aires viajó a España, donde vivió en la “casa del Príncipe de la Paz - el Ministro Manuel Godoy (1796-97), en Madrid, y en Cádiz. Allá, en la Corte del Rey Carlos IV, conoció a mu- chos Personajes y al Cónsul de Inglaterra cn Cádiz, con quien trató una supuesta expedi ción inglesa al Perú por el río Amazonas, para “liberarlo de la dominación española” (8). Vuelto de Luropa contrajo matrimonio en Ca- Amarca, cuya mujer falleció en Huánuco en una le sus visitas a sus padres don Salvador Agui- 1 y doña Clara Narbarte, a “los que les devol ió el dinero que le habían prestado para ca- 11sc\'"" (1803). Retornando a Lima para enta- lar reclamos ante el Tribunal de Minería refe- Nte 4 unos denuncios en el norte, tomando 1ra dicho fin los servicios del abogado Manucl pa AR AE A \x0c'} "" ybalde. Viujando despucs y pasando temporal- mente en Jauja, Cotabambas, Lares, Chalhuan- ca, Cusco, La Paz y Potosí, para finalmente, es- tablecerse en el Cusco, (1803-1805). Aguilar afirmó que su difunta mujer le pidió que obtara por el sacerdocio; pues “desde los 9 años tenía revelaciones de Jesucristo y de los ángeles, quienes lo buscaban para redimir a los indios y librarlos del gobierno español”. Cuando en Lima decidió tomar los hábitos de la congregación religiosa franciscana, no fue aceptado, y se lo dijo que “siguiera su cruz o camino señalado”. Manifestó, también, ser au- tor de un plan para establecer correo o comuni- cación por el río Amazonas a España, en dos meses y medio; para cuyo fin —dice— estuvo entre los indies infieles levantando mapas o pla- nos topográficos en la región del río Bajo Mara- ñón y afluentes, previa autorización que obtuvo del Virrey O'Higgins y animado por éste. Pero calumniado y denunciado ante dicho Virrey co- mo “espía inglés” fue apresado en Chachapo- yas, permaneciendo encarcelado hasta el gobier- no del Virrey Avilés (1791-1802) quien le “hizo justicia ordenando su libertad”, gracias a la intervención de Alejandro de Humboldt, sa- bio alemán que ingresara al Perú de Quito y Cuenca por Ayabaca a Huancabamba y Chacha- poyas y Trujillo, rumbo a Lima a la que arriba- ra en agosto de 1802. Aguilar expresó que cuando recorría las tierras de Mendoza, Tucumán y Buenos Aires, le llamaban “nuevo José Gabriel Tupac Amaru” y le pedían que, como descendiente de la noble- za nativa peruana, fuera el caudillo para res taurar el trono de los Incas. Confesó, igual- mente, que en Chachapoyas y en Cajabamba su- frió privaciones mil; “sufrimientos que llevaba en nombre de Dios que siempre se le aparecía y le decía: tú serás uno de los hombres mayores de la tierra... y estarás sentado en el número de los escogidos”. Aguilar al relatar de susapa: riciones y sueños declara Ubalde en los autos-— se presentaba con modestia e inocencia, Y que era incapaz de la mentira, y que sus ojos se llo- . haban de lágrimas”. E BO ] Terminado el dilatado e irregular proceso criminal, el 3 de diciembre diose sentencia con- denando a Aguilar y Ubalde a la pena de muer- te por horca, Dictada a capricho de Berriozá- bal —llamado por el vulgo “Oidor del Tabardi- llo”, sin admitir defensores designados por los 1£0s, sino a los de oficio, y negando que asumie- ra su propia defensa el licenciado Ubalde; fue confirmada ella por la Sala del Crimen de la Audiencia del Cusco conformada por los oido- Tes Conde Manuel Ruíz de Urríles y Castillo, \x0cPedro Antonio Carnadas y José Fuentes Gonzá- les; y actuando como escribanos o secretarios don Manuel Feliciano Heredia y Andrés Vargas. He aquí un párrafo de dicha confirmato- ria: “Fallamos sin necesidad del dirimente nom- Pd por conformidad de votos en el Tribu- , que debíamos declarar y declaramos a Aguilar y Ubalde la pena ordinaria de horca, en la forma ordinaria en la que se le suspen- derá por manos del verdugo hasta que natural- mente mucran y de la que ninguno los quitará sin pretexto alguno sin nuestra licencia, so pena de la vida”. Después de 5 meses de cárcel y en la que se le tuvo incomunicado, verificándose hasta el ingreso de sus alimentos; Aguilar fue puesto en capilla y ahorcado, juntamente que Ubalde, cumplimiento de la sentencia y por orden del Intendente don Pío Tristán y del anciano Vi rrey de Lima Marqués de Avilés. La ejecución se realizó a las 9 de la mañana del día $5 de di- ciembre de 1805, en la Plaza Mayor del Cusco, en la misma que, el 16 de mayo de 1781, 24 años antes, fuera decapitado y descuartizado, en horrendo espectáculo público, el noble Inca José Gabriel Túpac Amaru, Cacique de Tunga- suca, y su mujer doña Micaela Bastidas e hijos. (Cincuenta pasos al frente del cuartel realista, actual local de la Universidad Nacional de San Antonio Abad del Cusco). Ambos, víctimas de la “justicia legal colonial”, mostraron serenidad y entereza ante la muerte, noticia una relación. Al día siguiente, al atardecer, fueron descolga- dos los cadáveres del cadalso a pedido de don José Gregorio Tinoco y de don Gregorio Cés- pedes, procuradores de oficio de la ciudad, y entregados al Padre Pino, Cura de la Catedral del Cusco, quien les dio clandestina sepultura. La rebelión aunque descubierta antes de su estallido y el ajusticiamiento de ambos pa- triotas, trascendió en el virreinato, sobre todo en los territorios de las Audiencias del Cusco y Charcas; despertando el celo de las autorida- des realistas y obligando al gobierno de Lima remitir al Cusco “dos Compañías de Regimien- to de Veteranos”, para la seguridad de la ciudad y jurisdicción y “repeler todo brote subversi- yo”, El Virrey Avilés en la Memoria oficial que dejó a su sucesor don Fernando de Abascal, se ocupa lárgamente del caso, acusando al mártir huanuqueño “de haber sido el principal motor de la conjura y haber pensado entregar las Amé- ricas a Inglaterra”. Aguilar y Ubalde, tenemos ya dicho, eran ardientes patriotas, autores de la primera cons piración o movimiento libertario en el siglo XIX, para independizar al Perú de la domina- \x0c""} 'ción de España. Precursores, mártires y héroe que ofrendaron su existencia en pro de un go bierno autónomo para criollos, mestizos e in dios. o la república común y justa para toda sus clases sociales: particularmente liberador: de la inhlumanamente explotada raza india * Esclarecidos varones —al igual que Juan Jost Crespo y Castillo, otro luanuqueño- que se adelantaron a los Grandes Libertadores y que con sus ideales, luchas y sacrificios abrieron la: primeras páginas de la Historia de la Emancipa: ción de América”, al bien decir de uno de su: biógrafos (9). No puede llamársele, por cierto, “divulga: dores de simples y vanos sueños” que fueror autores de “un movimiento sin un plan defini tivo y concreto” (Vargas Ugarte). Ni afirmarse que Aguilar “fue minero natural del Cusco” y que, “entretuvo sus ocios carcelarios, escribien- do versos” (Luis Alberto Sánchez); “un loco, y que “nunca estuvo en sus cabales” (Ricardo Palma); “un desequilibrado autor de un desa- fortunado texto de versos” (Tamayo Vargas) (10). Estos historiógrafos, tradicionalistas y cronistas literarios, mal informados, y obrando cual tardíos defensores del opresor régimen colonial infaman la memoria de un prócer de la Independencia nacional declarado por el Primer Congreso Constituyente de la República. Y lo que extraña, sobremanera, es saber que las pro- pias autoridades españolas que calificaron los actos y a la persona del célebre precursor, no le interfieren con los dicterios de los profesores peruanos nombrados. En efecto,:haciendo suyo el proyecto presentado por el representante por el Cusco don Felipe Cevallos, el 5 de junio de 1823, el Congreso declaró beneméritos de la Patria como celosos defensores de la Indepen- dencia a Gabriel Aguilar, juntamente que a Jo- sé Manuel Ubalde, Mateo Pumacahua, Vicente Angulo; ordenando fuesen borrados sus nom- bres de cualquier padrón que infamase su me- moria (11). De otro lado, en tiempos en que se tenía a las revelaciones o apariciones como “manda- to o ayuda divina”; Aguilar que conocía bien la psicología del indígena, utilizó políticamente la versión de sus sueños, “hábilmente forjados para atracr prosélitos, asegurar la participación de los vacilantes y llevar a los ya comprometi- dos, la seguridad de la victoria”, con la justa apreciación del historiador Vicuña Mackenna. Y más todavía cuando en esos sueños jugaban símbolos tradicionales y propios del alma sen- cilla de los indios, como aquel que refería Agui- lar: que dos águilas poderosas, una venida del mar y la otra de las montañas que circundan el Cusco, se investían ferozmente. Pero luego del \x0cA combate, el águila andina logró poner en fuga a la que procedía del lado del mar, o lo que signi ficaba —en visión profética— que el pueblo o nación india, expulsaría, yenciéndolos, a los españoles intrusos y dominadores, Sus sueños —todo precursor, que aventaja a su tiempo, es un soñador, un visionario, y el sueño en lo literario es un elemento román. tico —lo llevó a estructurar un plan de un levan- tamiento armado contra España, Viajando, para dicho fin, bajo el pretexto de su profe- sión, por ciudades y pueblos, de Chachapoyas a Lima, Huánuco, Cusco, La Paz, Potosí, Men- doza y Buenos Aires, formando ocultos cenácu- los políticos-literarios. Su prestancia personal y sus vastos conocimientos le trajo amigos y sim- patizantes; comprometiendo a su causa a perso- nas principales, autoridades civiles, militares y eclesiásticas, o criollos, mestizos y caciques de indios, “para en el momento oportuno salir con las armas y tomar el poder” y procla- mar el orden del Imperio de los Incas, cual el plan de Tupac Amaru 25 años antes. Tal pro- grama de Aguilar tuvo mejor acogida en el Cus co, ciudad de la que hizo el centro de sus acti vidades y de enlace con La Paz, Cochabamba, Arequipa y Potosí. De lo actuado en el proceso, testificales y documentos, se deduce, claramente, las fa- cetas de su personalidad; que desde la adoles cencia mostró predicción por las letras y las ciencias; llegando a ser “doctor en ciencias más prolijas”, lo califica Ubalde en el proceso, y de distinguirse por su carácter independiente, in- quieto y de perseverante voluntad; “Mineralo- gista y metalúrgico” —yale decir hoy Ingeniero de Minas y ensayista o perito en el “Arte de los Metales”, topógrafo, matemático, dibujante y proyector de la ruta transoceánica Pacífico- Atlántico por los ríos Marañón y Amazonas. Viajero incansable por tierras del Perú, Bolivia, Argentina y España, país donde en Almadez perfeccionó su profesión y conoció, en su inti- midad, a personajes decadentes de la Corte mo- nárquica de Madrid; y en Francia en que se nutrió de los conceptos políticos de los ideólo- gos y enciclopedistas del siglo XVIII, cuya con- secuencia fue la Revolución Francesa y el esta- blecimiento de la República. Y enjuiciando la vida social de las colonias americanas de Espa- ña, en particular del Perú, por donde pasaba sembraba la semilla de la libertad o alentaba la liberación de España y la restauración del Im- perio de los Incas; ya en los centros urbanos, en los pucblos de los indios o en los campamerr tos mineros. Mente ilustrada que había escrito “un prólogo a la obra de Garcilaso” —“Los Comentarios Reales de los Incas” de Garcilaso CO a DI ZAS ra cc A \x0c'} ""de la Vega Inca- y que repetía las predicciones del Abate Reynal que “acusaba a España de mantener en la ignorancia y esclavitud a sus co- lonias de América”; que trató con Alejandro de Humboldt de quien fuera amigo y al que, aca- so, allá en España, le indicó el derrotero que de- bía seguir el sabio naturalista para ingresar, en peregrinaje científico, al Perú desde Quito por Piura y Cajamarca al río Marañón. Temperamento sensible, identificándose con la raza nativa, asumió también, en su voz, el sufrimiento de ella y el suyo propio. Pues, es- cribió el libro “El llanto de los Indios”, cuyos originales o inéditos desaparecieron para siem- pre en manos de sus captores o carceleros, Aunque los versos que salieron de su pluma -que copiamos más adelante— carecen del lo- gro literario, fueron escritos frente a la muerte, en agónica lucha por h libertad; significan una protesta y una denuncia del corrupto régimen español Teniendo además dichos versos pre- románticos, si bien se les analiza, la levadura del jarawui o yaraví: canción de tono elegiaco, sen- timental o poesía de desventura. En su caso por la amada natural de Cajabamba, fallecida y sepultada en Huánuco, la cautiva Patria y el indio esclavizado, con el que se identifica, ya dijimos, pese a su sangre del legítimo criollo o hijo de españoles y miembro de una adinerada familia colonial huanuqueña, y la que, no cabe duda, costeará su ilustración y viaje a España para adquirir el título de mineralógico, que os- tentaba pública y oficialmente. dl Género o subgénero poético aquél con el que se adelanta, en el lenguaje escrito, al ulto peruano Juan Huallparrimachi Maita, poeta indio, autor de yaravíes, también héroe del pue- blo por la libertad, y quien, a órdenes del céle- bre guerrillero Padilla, cayera en el combate de “Las Carretas”, “destrozado el pecho por la bola de un arcabuz español”, (1814). E Y no digamos del poeta criollo Mariano eins a cuyos versos de pasión amorosa —sólo A después de su muerte en Humachiri iS AA AI DIÓR combatiendo por la libertad—; o ron el tono, la melodía o armonía del da pe se cantaba por el pueblo mestizo en a os peruano —en Arcquipa, venciendo ; cratismo español—, y ya desde el siglo a seba Cusco donde nació, venido del católico o adaptado primero al himno delo eligioso por los frailes convertores '9Sindios a la fe cristiana. Al respecto, Pavleticl i Mit , ich —que le ha dedicado E ESO ensayo librando su preclara figu- malevolencia de escritores de oficio como Ri a O Riva Agúero, Palma y Sánchez— dice: \x0c“Gabriel Aguilar se constituyó en el primer mensajero culto de las desgarradas y lacrimóge- nas entonaciones del yaraví emboscadas en re- beldías y protestas, mucho antes por cierto, que en Arequipa lo hicieron Mariano Melgar, señero y glorificado discípulo, en la vida y en la muerte, del singular Gabriel, trovador y már- tir del Barrio de Las Tres Cruces de su ciudad natal. No puede ponerse en duda el hecho que durante su niñez y su adolescencia, Aguilar se hubiera familiarizado con la canción favorita de indios y mestizos. En su memoria matina quedaría grabada para siempre, la suspirante poesía amorosa del incanato, convertida desde la Conquista en una suerte desahogo para los sufrimientos que aparejaban la servidumbre. En su ciudad natal pudo escuchar el yaraví en “las noches de verano”, cuando se reunía para can- tar y bailar la “principal nobleza” y también recoger la versión más auténtica en las minas de su padre y de su tío”. Más tarde —viajero sin tregua—, lo seguía escuchando a lo largo de los caminos y en los tambos, en las estancias y vé llorios, en las fiestas y velatorios. Y también en sus giras de agitador y de proselitista, por el Alto Perú y las provincias del Río de La Plata” (12). Aún en su celda de prisión, escribió ver- sos, en décimas sobre su propia vida y muerte, glosando el tiempo simbolizando en el andar de su reloj, Aguilar, minero y aficionado a las misas, al igual que lo fueran, en la época colonial, don Diego de Aguilar y de Córdova, poeta es- pañol residente en Huánuco, célebre autor de “La Soledad Entretenida” y el “El Marañón” (1572), propietario y “labrador de minas” de plata en Cajatambo; y don Enrique Garcés, natural de Oporto (Portugal), el traductor al castellano de los sonetos de Petrarce, de “Las Lusiadas” de Camoens (1563), y autor de Me- moriales sobre las Minas de Huancavelica. Cu- rioso trinomio de poetas y mineros a la vez. Es que “la suerte de los metales” del oro y de la plata, corroía incluso la quietud de los ma- gistrados y autoridades, como el caso de Fer- nando de Montesinos, Visitador, Licenciado, Presbítero, cronista autor de “Los anales del Perú” y del tratado “Beneficio común o dircc- torio de beneficiadores de metales y arte de ellos, con reglas ciertas para los negrillos” (16-38). He aquí los versos de Aguilar que se ha- llaron entre los papeles decomisados O extral- dos de su celda de cautivo. \x0c""} 'Sar"
"LAS DE","I Qué largas las horas son en mi reloj desdichado, parece que se ha parado al ver mi tribulación. Glosa Si ves que la infortuna en mis males se eterniza, ¿por qué no te das más prisa para librarme a la una? A las dos más importuna la suerte de mi corazón, me anuncia que habrá perdón. A las tres en mi desdicha, para quien espera esta dicha que largas las horas son. Llega mi desvelo a tanto, al grito del centinela, que a las cuatro estoy en vela, anegado con triste llanto. A las cinco en mi quebranto recuerdo el mal que he pasado, de los bienes que he perdido, de nuevo empieza el gemido en mi reloj desdichado. A las siete da el martillo tan feroces campanadas, que mis lágrimas cansadas riegan a compás mi grillo, A las ocho estoy tranquilo, pues, moribundo y postrado, conozco no haber medrado, Con dar la cuerda a las nueve y viendo que no se mueve. parece que se ha parado. Esperando ya las dicz, doy mi suspiro al cielo, por ver si hallo algún consuelo en aquel eterno Juez, A las once llego, pues, en continua expiración; y a las doce en oración, al registrar mis tristezas, entrego a Dios cuerda y pesas, al ver mi tribulación. Il Alce el reloj su gatillo y acábeme el matar. \x0cCIMAS DEL RELOJ 3 LA AGONIA ¿Para qué quiero la vida en un continuo penar? Glosa Empieza triste reloj a dar aumento a mis penas, pues, paso la una en cadenas, y entre prisiones las dos, La cuerda hiera veloz en el muelle del martillo y que el susurro del grillo dé las tres en la campana, y que a mi suerte tirana alce el reloj su gatillo, ¡Funesto repetidor! No me admira tu tardanza, pues, a las cuatro se cansa tu principiado furor; a las cinco con rigor me atormenta mi pesar y a las seis en suspirar me llega mi fatal suerte, diciendo: venga la muerte y acábeme de matar. A las siete ya fallece mi vida en un calabozo, y a lasocho, tenebroso, mi mal más horrible crece, porque a las nueve parece que ha de llegar mi partida, lMorando la despedida, como el cisne, a cada hora, pues, si no gozo la aurora, ¿Para qué quiero la vida? Al fin el reloj desgraciado, que dás las diez sin cautela, a las once, estando en vela, tus pesas habrás doblado, y en mi cárcel encerrado tus cuartos me han de pasar. A las doce has de tocar a exequias porque murió aquel Gabricl que vivió en un constante penar. FRAGMENTOS Dime estatua de Nabuco alzada sobre arena, ¿piensas que yo tenga pena de disparar mi trabuco? Advierte que eres caduco, \x0c'} "" como nacido de Adán: a estros hechos se verán, m ES mal, tante periuicio, C en aquel tremendo juicio al donde todos temblarán. 1 o Cc judad ; Esta es aquella ciu : emporio de ha graudeza, si AAA (1) Josá verallatri.. Historia de Huánuco”. Buenos Aires, 1959, ¡V Parte. Emancipación y República. El huanuqueño Gabriel Agui- lar, precursor de la “Libertad americana, Pp. 444-446, Segunda “Edición corregida y aumentada. Inédita. (2) Su partida bautismal está a fojas 180 del Li- bro de Bautismos y que corre del año 1770 a 1777. Parroquia del Sagrario, dice: “En esta Santa Iglesia Mayor de Huánuco, en do- ce días del mes de agosto de mil setecien- tos setenticinco años bauticé puse olio y crisma yo al infrascrito de Cura a Gabriel ni- ño de dos'años y.cinco-meses agua natural en caso de necesidad hechó el agua del Bau- tismo de R.P. Thomas Errada del Orden del NS. de la Merced, hijo legítimo de don Salvador Aguilar y de Da. Clara Narbarte; fue su padrinó Dn. Joaquín Beraún, testigo el Notario don Antonio Calancha y don Esteban Espinoza, y para que conste lo fir- mo.- Pedro Gallegos.- Una rúbrica”. Don Salvador Aguilar, padre de Gabriel Aguilar, era natural de la ciudad de Jerez de la Frontera, Cádiz, España, hijo de Sal- vador Aguilar y Francisca Rodríguez. Do- ña Clara Narbarte, natural de Huánuco, era, hija del Capitán Dn. Juan Ignacio Narbarte, Corregidor de esa ciudad. De este matrimo-' nio nacieron ocho hijos, entre ellos doña' Gertrudis, casada con don José Valdizán, de quien descendía el Dr. Hermilio Valdi-, zán, y doña Mercedes Aguilar que matri- monió con don Manuel de Barreda, prior del Consulado de Comercio de Lima, y tronco de la familia Barreda de esta ciudad, E Padre de Gabriel antes de fallecer, el 14 E noviembre de 1806, testó ante el Escri- DR Público don Nicolás Ambrosio de Ari- a; Y cita entre sus hijos a don Mariano Nar- \x0c1 OIO, plata y nobleza, ás, blanco de la impiedad. mutiva, sin libertad, poder de los tiranos, s recuerdos fueron vanos )mo lo son en el día. Válgame Dios! ¿Qué sería cayera en otras manos? o. (3) (4) barte que fuera Regidor del Cabildo de Huánuco en 1812, y nombra a Gabriel co- mo ya fallecido, pero no hace mención de la forma como murió. Pues bien se “com- prende que no lo hiciera siendo español y habiéndosele declarado oficialmente traidor a la Corona Española”.- Véase: “Don Ga- briel Aguilar, benemérito de la Patria”. F.A.B. “El Comercio”, Lima, 1 de julio de 1950.- Rubén Vargas Ugarte. “Manus- critos Peruanos”, Tomo l, p. 180, Protoco- lo del Notario Nicolás Ambrosio de Ariza, años 1784-1813.- Archivo Notarial de Gui- llermo Goycso Berrospi, Huánuco. “Torrente de la Revolución del Perú”. No. 1. Lima, 23 de setiembre de 1840, Don José Manuel Ubalde y Zevallos, Licen- ciado en Derecho, Teniente de Asesor Inte- rino del Gobierno e Intendencia del Cusco, era natural de la Villa de Moquegua, e hijo del Coronel don Simeón Ubalde y de doña .: Rosa Zevallos. Revista del Archivo Históri- co del Cusco. No. 6,Año 1955. (Documen- to publicado por don Jorge Cornejo Bu- roncle.). 15) Archivo Histórico Nacional, Madrid. Sec. Consejos. Legajo No. 21266, con 525 Ff.- Archivo General de Indias, Sevilla. Sec- ción Estado, No. 73, B15. (6) Santa Catalina de Curahuasi, hoy distrito de la provincia de Abancay, del departa- mento de Apurímac, fue fundada por To- ledo, en su visita al Virreinato, al pasar por aquel lugar rumbo al Cusco; poblándolo con algunos labriegos y vagabundos españoles; dado la belleza y productibilidad del suelo y para que sirviera de enlace entre Huamanga y el Cusco, cuya zona era recorrida por \x0c""} ""las bandas de Túpac Amaru, el rebelde ca, con sede en Vilcabamba, Durante Colonia fue repartimiento de su nomt siendo sus primeros encomenderos « Juan Gómez y don Pedro de Cisneros, « 26 indios tributarios y 143 personas vac (“Relación de oficios que se proveen er Reino del Perú”, por el Virrey don Mar Enríquez, (1582). (7) Parece que la vocación minera de Gabri veníales de familia. Su padre don Salvad era comerciante, dueño de fundos agríco! y minero, como lo era también su tío de José Narbarte. En una relación denon nada “Dueños de Minas con registro”, gura el primero como poseedor de u “estaca de mina” en el cerro Sacramento el segundo en el cerro de Huanaguaza sita en Huayaupampa, en las cercanías « la ciudad de Huánuco, y las mismas qu juntamente con 32 minas, en 1773, se h llaban en trabajo, “Descripción topogr fica de la muy noble y leal ciudad de Hu nuco de los caballeros”. “Diario de Lima 13 y 23 de junio de 1793. (8) Ya en el siglo XVII, se concebía la expu sión de los españoles del Perú, con la ayuc de los ingleses. En la obra escénica-mus cal, en inglés, “The cruelty of the spaniard in Perú” o la “Crueldad de los españole en el Perú”, creada en Londres, en 165 un gran sacerdote indio explicaba en cad una de las escenas en las que se incluía un canción, una pantomima y bailes acompa fiados de música; toda la historia dal Pe rú, comenzando con la felicidad primiti va para concluir con una visión profétic: de los españoles expulsados por los perua nos con la ayuda de los ingleses, Opera di música de autor no identificado. Libreto de William Devennt. (El Perú en la Música Es cónica, por Sixto Prieto. Revista “Fénix”) Lima, 1953, No. 9, pgs. 278 y sgts. (9) César García Rosell: “Dos precursores de la Independencia Nacional”. 1805-1812, (10) Rubén Vargas Ugarte: “Historia del Perú”. Virreinato. (Siglo XVII). Capt, 111. p. 97. Este es el juicio de Sánchez, que agravia a la verdad e ilustración, “Gabriel Agui- lar era minero del Cusco, dado a las divaga- ciones. En uno de sus sueños vio una extra- ña alegoría en la que el Perú lograba su Inde- \x0cIn-' pendencia. Comunicó su fantasía al Dr la Ubalde, también cusqueño, quien, en com. re, pañía del regidor Valverde, que se decía lon descendiente de los Incas, y de don Carlos :0n Mejía, de bastas relaciones Sociales, dogj. as, dieron al médico Justo Justiniani, al cacique el de llave, al R.P. Diego Barranco, a formar tín una conspiración libertadora, Así andaban las cosas, póro el 25 de junio de 1805, el Oidor Berriozábal, recibió una de al, sobre tan descabellado plan, de boca de un or tal Lechuga. Mediante burda trama se deso. as chó plenamente el proyecto, Y el 5 de di. mn ciembre del mismo año, subían al cadalzo.. vi Aguilar como el “justo” don José de Anta. Fin quera en 1731, entretuvo sus ocios carcela. na rios, escribiendo versos... Por las muestras, y Aguilar no era un desafortunado repentis- A ta, y hasta podría reclamarle calidades poé- le ticas, siempre que fueran auténticas”. “La e, Literatura Peruana”. Derrotero para una his- a- toria cultural del Perú. Tomo 1, p. 800 á- (Edt. Edivensas, S.A. Lima, 1965, 52, d- Edición 1981, Tomo lll, p. 781 G. Gráfi- E ca, Barcelona E.J.M.B. “Loco o patriota”... sus versos como poesía no valen la tinta em- pleada. Aguilar nunca estuvo en Sus caba- I- les, y como por algo se ha dicho siempre a que un loco hace ciento, me explico lo con- i- tagioso de su locura”. En otro párrafo Pal- s ma llama “hombre de talento” a Berriozá. s bal. Tradiciones Peruanas”. Tomo IV 79 B: Y 325. Augusto Tamayo Vargas: “La Litera- a tura Peruana”. Tomo ll, p. 166, nuncia - (11) Texto de la ley que declara a Aguilar bene- . mérito de la Patria. “Los primeros héroes ) de nuestra independencia, los que derrama Ñ ron su sangre víctima de la barbarie españo- ) la por sus nobles esfuerzos, aunque sin óxi- ' to, merecen en todo tiempo los elogios de la Patria, el agradecimiento y las lágrimas del hombre sensible, que sabe apreciar el justo mérito de los campeones de nuestra AN te libertad, que en medio de la opresión y fuerza del despotismo se atrevieron a 64 clamarla, Nuestros antiguos tiranos no an tentos con cebar en ellos su furia, da de. oprobio su memoria, y esto mismo e E blasón más distinguido de sus familias. : tas nos serán siempre caras; serán cd acreedoras a la pública A iación: 5 nombres grabados en las primeras P' ch ; de nuestra revolución exitarán la o . la posteridad, y consolidarán el 0d"
"DONA AZ","3l33¿<xzowxn aL Ms \x0c""} 'MAS +0 re ys je"
"O A","una nación, que para esclavizarnos por tres siglos enteros nos había sumergido en el caos de la superstición e ignorancia. SÍ: peneméritos Ubalde y Aguilar vosotros fuis- téis víctimas de la ignorancia más crasa de un Ministro más bárbaro y sanguinario que ha profanado este suelo. Y tú beneméri- to Pumacahua que agobiado de años en el último término de tu vida, no sentiste su 3 para levantar la encorvada cerviz, tú que descendiente de los Incas juzgaste indig- nas de tu nobleza las condecoraciones con que quiso alucinarte la España; y que con el benemérito Angulo arrostraste inmensos pe- ligros y fatigas para recordar al peruano su: dignidad, y salvar a la Patria; recibe nues- tros más sinceros homenajes. Pero entre tanto que la impura sangre del enemigo la- va la loza sepulcral que cubre tus cenizas, recibe el justo tributo de nuestra gratitud, y el público testimonio con que los repre- sentantes del Perú honran a los primeros mártires de su independencia.- EL PRESI- DENTE DE LA REPUBLICA PERUANA - Por cuanto el Soberano Congreso ha decla- rado lo siguiente: —-EL CONGRESO CONS- TITUYENTE DEL PERU.-— Deseando per- petuar la memoria de los Peruanos que víc- timas del despotismo Español fueron los primeros que con el precioso sacrificio de sus vidas procuraron la libertad e Indepen- dencia del Perú.- Ha venido a decretar y de- creta: 10.— Se declara beneméritos de la Pa- tria a don Josó Manuel Ubalde, Don José Gabriel Aguilar, don Mateo Pumacahua y a don Vicente Angulo; borrándose de cual- quiera parte del territorio del Estado todo padrón que infame su memoria.- 20.— Que sus nombres se coloquen a la par de los más celosos defensores de la independen- cia.- 30.— Que se publique este decreto en la gaceta oficial, y demás papeles públicos.- Tendráislo entendido y dispondréis lo nece- sario a su cumplimiento, mandándolo impri- mir, publicar y circular. Dado en la Sala del Congreso en Lima a 6 de junio de 1823, 40. Mi 20. Carlos Pedemonte, Presidente.- Francisco Herrera, Diputado Secretario. Gerónimo Agiero, Diputado Secretario. POR TANTO, EJECUTESE, GUARDESE Y CUMPLASE en todas sus partes por quie- nes convenga. Dará cuenta de su cumpli- miento el Ministro de Estado en el Departa: mento de Gobierno. Dado en el palacio de Pe Gobierno de Lima a 6 de junio de - 40. y 20. José de la Riva Agúero.: \x0cPor orden de S.E. Francisco Valdivieso.- “Gaceta del Gobierno”. Miércoles 11 de junio de 1823.- 4o, de la Independencia y 20, de la República. No. 17 Tm. 1V. Lima. 12) Párrafos del libro de Esteban Pavletich, ti- tulado “Un tal Aguilar”. Lima, 1967, Pa. 19, En este ensayo, el notable escritor, re- cientemente desaparecido, con hondura de idioma, erudición literaria e identidad his- tórica, relieva la figura del ilustre “paisa- no” huanuqueño, Destruyendo, en acti- tud polémica, los livianos juicios de Pal-| ma, Riva Agúero y Luis Alberto Sánchez, sobre nuestro héroe.- Así también merecen: mención “Dos héroes olvidados” (Aguilar| y Crespo y Castillo) de Samuer Ordóñez Sal- cedo, en que describe la vida y lucha del! patriota mártir. Y el volumen ya citado del escritor César García Rosell."
"JUAN FRANCISCO AGUILAR REVOREDO","Juan Francisco Aguilar, uno de los más activos propulsores de la minería nacional, na- ció en Lima en el año 1887. Diplomado de Peri- to Agrimensor de Minas en 1906 y de Ingeniero de Minas, en 1910, dedicó su vida por entero a la prospección y explotación de diferentes mi- nas de nuestro país, de Bolivia y de la Argenti- na. Inició su labor profesional como Ingeniero de la Ferrobamba Limited, empresa inglesa que realizó exploraciones mineras en el depar- tamento de Apurímac. En 1913, Juan Francisco Aguilar viajó a Bolivia como ingeniero de la Firma Simon l. Patiño, desempeñándose como Superintendente de la Empresa Minera Huarcuni, hasta 1915. Desde ese año se inicia como Ingeniero Consul- tor de las Minas de ferrocarril Machacamarca y toma parte también en los estudios para dotar de agua potable a Oruro. De sus trabajos de aquella época, datan los que prestó como asesor en el yacimiento es tanífero de Tinogasta en la provincia de Cata- marca, Argentina. También como consultor de la Compañía Estanífera Marta, de la región minera de Huamuni, Bolivia. A su regreso al Perú en el año 1922, fue administrador de las Minas de Cotabambas y Auraria en Apurímac. En 1928, pasó a servir a la Dirección de Minas, como Inspector de Mi- nería, de donde se desempeñó hasta 1932. Pos- teriormente fue encargado por el Cuerpo de ss aaa \x0c'} 'AA AR Al CS A de la minería y recursos auríferos de los depar- tamentos de Puno, Cuzco, Arequipa y parte de Ayacucho. Estos trabajos de carácter geológ+- co minero fueron publicados en los boletines de la Dirección de Minas. En 1934, asume la Jefatura del Departamento de Minería Aurífe- ra del Cuerpo de Ingenieros de Minas, cargo que lo ocupa hasta 1940, En ese período se realizó un estudio completo de la región Marcapata publicado en el Boletín No. 116 del Cuerpo de Ingenieros de Minas, Desde 1916, Juan Francisco Aguilar Re- voredo se inició en la carrera docente, al dedi carse a la enseñanza de los cursos de Prepara- ción Mecánica de Minerales y Explotación de Minas, en la Escuela de Ingenieros de Oruro, Bolivia. En 1937 inició su labor docente en la Escuela Nacional de Ingenieros de Lima con el curso de Preparación Mecánica de Minerales y a partir de 1940 del curso de Geología Econó- mica de Yacimientos Minerales, siendo solicita- do en 1946 por el instituto de Geología de la Universidad Mayor de San Marcos, como pro- fesor de las cátedras de Geología Económica y Legislación Minera. 4 Su gran experiencia y versación en temas mineros fueron vertidos en numerosos trabajos y publicaciones. En su actividad profesional, fue Asesor Técnico del Instituto Nacional de Investigaciones y Fomento Minero y colaboró en la elaboración del Código de Minería de 1950, del cual fue su leal defensor. Falleció en Lima, el 8 de Octubre de 1950."
"LOPE DE AGUIRRE","Motejado en la historia con el infamante calificativo de “El Traidor”, Lope de Aguirre se sintió obsesionado desde su juventud por las fabulosas riquezas que las referencias recogidas por los descubridores de América asignaban al Perú, particularmente por la abundancia de me- tales preciosos, oro y plata. Es en l búsqueda del legendario El Dorado que participa en la expedición organizada por el capitán Pedro de Ursúa, que inicia su trágico recorrido el año 1560, y cuyo sangriento desenlace daría a Lope de Aguirre su triste nombrada, Se supone como lugar de nacimiento la pequeña villa de Oñate, en la provincia de Gui- púzcoa, España, y muere acribillado en Barqui- simeto, Venezuela, 4 Llegó al Perú en 1534, y toma parte en las acciones para debelar el levantamiento de Man- co Inca. Interviene en muchos otros combates, \x0clinas, en la de Chupas contra Almagro el oven! y en la Jaquijahuana, bajo el comando de Ni ñiez de Vela y el pacificador La Gasca, así co- mo también en la de Chuquinga contra Fran. cisco Hernández Girón, Casi diez años habían transcurrido desde que llegara al Perú, y se siente decepcionado Explicando su ánimo atormentado, presunta causa de su posterior incalificable conducta un historiador dice: “Inutilizada su pierna de. recha, y sin disfrutar encomiendas o beneficios, debió contemplar con amargura la distribución de las recompensas a que dieron lugar estas campañas”. Tiempo, después, en 1560, viaja del Cuzco a Moyobamba, en compañía de su hija, para in. corporarse a la expedición de Ursúa en pos de El Dorado. El recorrido a través de la selva amazóni ca, surcando los ríos de curso serpenteante en precarias embarcaciones primitivas, se realiza en medio de grandes penalidades que van afec- tando la disciplina, sobre todo ante la conducta insensible e indolente del jefe del grupo, que fi nalmente es asesinado durante la cruenta celo- bración del Año Nuevo de 1561. Toma el comando Fernando de Guzmán, y Lope de Aguirre es nombrado maestre de campo, función que, so pretexto de restablecer el orden y el respeto jerárquico, sirve a Aguirre para eliminar rivales, asesina a Fernando de Guzmán, se declara independizado de la corona de España, y tras ahorcar a todos aquellos que mostraban descontento, avanza por el río Ama- zonas, viviendo un sinfin de aventuras que cons tituyen una de las más escalofriantes odiseas de la época, Logra surcar en toda su extensión el gran río, y luego de varios meses de enfrentamier- to y depredaciones, desemboca en el Oceáno Atlántico, donde toma rumbo al norte, hasi que llega, en julio de 1561, a la pequeña ish Margarita frente a la costa venezolana. El drama desencadenado por Lope de Aguirre no termina, En la isla siguen las mala: zas y los crímenes. Con el afán de volver a Perú, no se sabe con que objeto, pasa A firme, y antes de penetrar en el continen? destruye sus naves, significando asi su prop sito de no retroceder. do so- Vive en perpetuo sobresalto, contando lamente con la lealtad de su hija, a la qu a muerte cuando se siente perdido ante el aba dono de sus últimos seguidores, a tando de conseguir la clemencia real, aplic E Lope de Aguirre los mismos métodos Eos ción que él aplicara a otros, y lo liquidan2 A a Q0O0O0ntoao <QUQUnQO0cm""N vi Ss \x0c'} 'EA A IAS n, er Ie de ue 19- cas el 27 de octubre en Barquisimeto, poniendo así término a una vida tempestuosa, difícil- mente comparable con cualquier otra, El espíritu rebelde de Lope de Aguirre se registra en un singular documento que envía al Rey Felipe 11, en términos insolentes, ““re- prochándole lasinjusticias cometidas en América con los soldados que la habían incorporado a sus dominios”."
"FEDERICO E. AHLFELD","El distinguido geólogo alemán Federico E. Ahifeld, autor de la conocida obra ““Los ya- cimientos Minerales de Bolivia”, inició y con- cluyó sus estudios en su país de origen; e inte- resado por la variada y compleja riqueza minera de Bolivia, viajó a este país sudamericano, don- de se radicó desde el año de 1923, Ya establecido, se dedicó al estudio y ex- plotación de minerales en distintos yacimientos, Posteriormente, conocedor del quehacer minero boliviano y dueño del merecido prestigio en ese sector, asumió la honrosa ocupación de Jefe de la Sección Geológica de la Dirección General de Minas y Petróleos, entre los años de 1935 y 1946. Desde ese importante cargo, llevó a cabo valiosas investigaciones, contribuyendo en el de- sarrollo de la minería boliviana, Fue entre esos años que publicó en elaño de 1939 en alemán “Die Bodenschactze Boli- viens”, contando con la inteligente colabora- ción del Ingeniero geólogo D. Jorge Muñoz Reyes; siendo más tarde ese mismo trabajo tra- ducido bajo el título de “Los Yacimientos Mi- nerales de Bolivia”. En este minucioso estudio de la vida mi- nera de ese hermano país, Ahlfeld señaló la existencia de más de tres mil minas productoras entre otros minerales de plomo, estaño y anti monio, Con ello afirmaba no tan sólo el gran potencial de recursos minerales de esc pueblo, sino también que la vida económica de Bolivia descansa esencialmente en ese sector de la pro ducción nacional. . Y entre tan numerosos yacimientos, exa minó detalladamente los más conscipuos de k pocucción minera, incluyendo a las más pro Apo minas de la pequeña y mediana mine _ En esa apreciada obra, el geólogo Ahlfels señala en el prólogo la falta de estímulo a lo ns e de investigación por parte del gobier oliviano, ya que casi la totalidad de su ex Portación lo constituye los minerales. La vida económica de Bolivia —dice Fe JJ ""A \x0cderi = ae del o, ae l de ningún otro país ns E casi exclusivamente de la minería. Aproximadamente un 97 por ci del total de su exportación lo Co ciento í : ituyen los minerales, Considerando la importancia extra- ordinaria que tienen para la nación las ri : riquezas minerales de su suelo, es de sentir que, hasta la fecha, no se hayan realizado investigacio sistemáticas en gran escala por parte del Cobier- no Boliviano sobre la magnitud y naturaleza de sus yacimientos minerales, Lamentablemente, la Sección de Geología dependiente de la Dirección General de Minas y Petróleos, creada en 1932 y que, a pesar de los reducidos fondos de que dispuso, ha desarrolla- do una labor muy amplia y meritoria, tuvo que cesar en su labor en 1946, por falta de medios económicos y por la falta completa de interés por parte del gobierno en las investigaciones geológicas. Después de ofrecer aquella visión de la mi- nería y la economía de Bolivia, publicó dos magníficos estudios sobre la geología y minera- logía con los títulos “Geología de Bolivia” y “Mineralogía de Bolivia”, echando con ello Juces sobre esas áreas. En su comentado y muchas veces citado estudio “Geología de Bolivia”, el estudioso y experto geólogo Ahlfeld logró un bien orgánico trabajo de investigación sobre los yacimientos petrolíferos de ese país, permitiéndose presen- tar vastos e interesantes datos de esa actividad. Es indudable, que por su enorme contribución al sector minero boliviano, como también la economía de aquel pueblo, su obra ocupa lugar preferencial en Bolivia. Y es justo decir que su obra es fuente de conocimiento obligada no sólo para el minero, sino también para el político, el economista, el sociólogo, el historia- dor y para toda aquella persona interesada en conocer la evolución social de esa Nación."
"VICTOR RAUL ALARCON MIOVICH","i Realizó sus estudios académicos en la Uni- versidad Nacional de Ingeniería en la especiali dad de Metalurgia; su experiencia la ha acumu- lado en Minero Perú como Ingeniero Asistente en la Refinería de llo. s FLAVIO ALATRISTA VERA E En el año de 1941 nació Flavio Alatrista vera, quien después de terminar sus estudios de psss aaa \x0c'} 'primaria y secundaria, ingresó a la Universidad Nacional San Antonio Abad del Cuzco. Ya profesional, Flavio Alatrista empezó a trabajar en CENTROMIN PERU por espacio de cinco años. Actualmente desarrolla activi- dades como metalurgista en la refinería de co- bre de llo, de MINERO PERU."
"CARLOS ALAYZA ESCARDO","Ingresó a la Escuela de Construcciones y de Minas, después denominada Escuela de In- genieros y hoy Universidad Nacional de Ingenie- ría, en el año de 1937. Posteriormente, en el año de 1940, concluyó sus estudios de ingenie- ría de minas en este mismo centro superior. En 1951 obtuvo su diploma de Ingeniero de Minas, Trabajó en varios asientos mineros del Perú, tales como las minas “Lord”, en la pro- vincia de Caraz; en las minas “Encantadora”, “Matilde”, “Carmen”, en Castrovirreyna; y la mina “Segunda” en la provincia de Yauli, Sus estudios sobre estas minas se encuentran ano- tadas en el tomo Bibliografía de esta obra, co- mo las fichas correspondientes a los números (114) a1 (119)."
"FRANCISCO ALAYZA PAZ SOLDAN","Don Francisco Alayza Paz Soldán nació en la ciudad de Chorrillos, un 21 de febrero de 1873. Más tarde, se educó en el Liceo Carolíneo y en el Colegio Peruano, regentado por el co- nocido pedagogo doctor Augustín Whillar. Al término de su educación secundaria, siguió estudios superiores en la Escuela Especial de Ingenieros Civiles y de Minas, donde se recibió de Ingeniero Civil en 1895 y de Ingeniero de Minas en 1896, formando parte de la primera legión de profesionales integrada, entre otros; por Federico Villarreal, Carlos Basadre Forero, José Balta, Fernando Fuchs, Nicanor García y Lastres. Antes de egresar de la citada Escuela formó parte, de una comisión encargada de explorar las riquezas de sales amoniacales que se decía contenían las islas de Chincha; dichas sales resultaron sin ningún valor industrial pero en cambio se encontró en el subsuelo 125,000 toneladas de guano de primera clase, con ello esa comisión prestó gran servicio económico al país. Poco después, siendo aún estudiante par- ticipó.en la comisión encargada de estudiar las \x0ctierras de salitre, de potasa y sales alcalinas de Trujillo y Malabrigo, en compañía del ingeniero don Julio F. Gálvez. Tiempo después, ya graduado, el Gobierno del señor Piérola, con la finalidad de gravar la sal con un impuesto, nombró comisiones de téc- nicos y peritos a distintas zonas del país, en- comendando a Alayza, en condición de ingenie- ro jefe, la misión de visitar la zona norte, o sea los departamentos de Tumbes, Piura y Lamba- yeque. Y de aquella misión resultó un completo informe con los planos correspondientes, de- terminando la ubicación de las salinas, su cali dad y condiciones industriales; elementos de juicio que sirvieron de base para la aplicación del impuesto. Posteriormente, con el mismo ob- jeto viajó a las salinas de Ica, Otuma y Cancato, con tan iguales beneficios. Ya poseedor de importante experiencia en estudios geológicos y topográficos y mineralógicos, se dedicó a es- tablecer, entre 1896 y 1905, el potencial mine- ro de nuestro país, realizando diversos viajes a difíciles zonas geográficas tales como a las fron- teras de Bolivia y Chile; exploración de las mi- nas y lavaderos de oro en Pataz; estada que du- ró ocho meses, después de los cuales presentó el informe respectivo al sindicato formado con el objeto de explotar dichas riquezas; exploración de la región aurífera de Carabaya, y de manera especial la mina de oro de las quebradas de “Matacaballo””; misión a la provincia de Lampa, departamento de Puno, en condición de ensaya- dor de una empresa minera en la región de Ma- ravillas; presidió la comisión destinada a realizar estudios de la geología y mineralogía de las pro- vincias de Moquegua y Tacna Libre, en donde estudió el salitre de las pampas de la Clenesí, el carbón de Carumas y los minerales de Canda- rave; y labores de administrador de la empresa minera de Santa Inés y Morococha. Por aquel entonces, después de haber rca- lizado fructífera labor en numerosos asientos mineros y conocedor de la situación de ese sector a nivel nacional, decidió volver a Lima, ya en la capital, incursionó en las actividades políticas, Su éxito en este escenario fue inmo- diato, llegando a ocupar el Ministerio de Fo mento. Desde ese caro impulsó la obra del ferrocarril de Paita a un puerto navegable del Marañón, Puerto Meléndez, y entre la lucha política del gobierno de Leguía, trabajó con do- nuedo, hasta concluir un estudio de esa vi2, realizado por la casa Rappel, resolviendo asi los innúmeros problemas que por primera vez se presentaron en esa ruta de la selva oriental. Por entonces, en 1909, antes de que o miera la prefectura de Loreto, había logrado la NA E o e dl A a A A a T \x0c'} 'e aid tación en las cámaras de la Ley de Terre- a Montaña, Y Ya en su nuevo cargo des- nos S Alayza sus facultades de organizador y plegó ador infatigable. En su ramo, es decir en reform ría, impulsó la obra de canalización de oa, estudios que fueron realizados por el Ia tente profesional A. Guevara, resolvién- compe sta manera los problemas de desagile e € 4 En región de lluvias torrenciales y terrenos ¡ dísimos. ER otras obras, que llevó a cabo Alayza em cumplimiento de dicho cargo, cabe men- cionar la organización de las guarmiciones en todas las fronteras; de la flota fluvial, servicios metódicos, fundó el club y polígono de tiro que aún hoy lleva su nombre; organizó la cam- aña contra la invasión colombiana que termi- nó con el brillante triunfo de “La Pedrera”, instalación del servicio inalámbrico, que por pri- mera vez se ensayó en el Perú; levantamiento del mapa de la región amazónica, único exac- to de esa zona; inauguró el local de la prefectu- ra y dictó un conjunto de decretos que son hoy la legislación de esa exótica región, La trascendencia de esa actividad desa- rrollada por Alayza Paz Soldán en beneficio del país, fue relievada por el célebre escritor perua- no Arturo Hernández en su interesante ensayo “Un olvidado defensor de nuestra integridad territorial en la Amazonía *. Meses después, de haber cumplido con tan dura labor, viajó a los Estados Unidos de Norteamérica, donde vi- sitó y estudió muchos centros mineros. De retorno de ese viaje, fue nombrado Director de la Escuela de Artes y Oficios. Po- co después, en 1914, ocupó el Ministerio de Fomento, en el gobierno provisorio de Benavi- des, con quien se había vinculado en el Oriente. En el desempeño de tan alto cargo efectuó obras tales como la organización y sistematiza- ción de las tarifas de los ferrocarriles, que tan buenos resultados brindaron; formó una comi- hs la que estuvo integrada por los ingenieros Bea Jochamowitz y Héctor Boza para la Dre y E de las concesiones petroleras de la E dies que figuraban en el padrón co- a con sólo diez pertenencias, com- da es que el árca efectiva com- planteó la da: por lo que Alayza hiciera el rec e que el Estado peruano guardar los + amo correspondiente para salva- constituyó, eusós derechos del país, lo que se cación de 1 punto de partida de la reinvid+ valiosos en es y a l ley dela Matera minera como lo fue ON one presentó al Congreso su fa- emoría”, donde dio cuenta de su labor. \x0cJ)ocumento interesa: Ea datos registrados y ep ciOn de los jos y estudios emprendidos. En E oe pa de la política petrolera del Perú, senta => ES doctrinarias que en ese tiempo significa aReeEs progresista alternativa, APEQIMUDA, -. Al cesar sus funciones ministeri mió nuevamente la Dlección de le Espada cional de Artes y Oficios y que en el desenvol- vimiento de esa honrosa función, organizó y colocó la enseñanza a niveles acordes con las exigencias industriales de la época. También en ese período merced a su labor,se adquirió mayor número de áreas de terreno para la Es- cuela y semontó innegables talleres de mecá- nica, de electricidad, de carpintería, de cerámi- ca y el de fundición artística, Con ello, es inne- gable que su contribución a la educación na- cional fue decisiva. Más aún sus actividades en el sector educa- tivo se hicieron extensivas al campo universita- rio, donde tuvo a su cargo el dictado de los crusos de Hidráulica y Puentes en la Universi- dad de Ingeniería, recinto de estudios supe- riores en que dejó lo mejor de sus experiencias y conocimientos en la formación de futuros cuadros profesionales para bien del país. De su vasta experiencia profesional, inves- tigación y sólida cultura, nos ha legado desta- cados trabajos que han conformado folletos y libros de gran valor tales como “Estudio técni- co de las salinas del Perú”, en 1892; “Informe general sobre la provincia de Pataz”, aparecido en el Boletín de la Sociedad Nacional de Mine- ría por el año de 1898; “Informe sobre la pro- vincia litoral de Moquegua y el departamento de Tacna”, publicado en el Boletín del Cuerpo de Ingenieros de Minas del Perú, en 1903; “Fe- rrocarril de Paita al Marañón”, aparecido en «Colección de leyes, decretos, resoluciones y otros documentos oficiales referentes al de- partamento de Loreto”, en 1905; “Memoria descriptiva del Canal de Panamá”, en 1908; «Memoria de los trabajos realizados en el Mi- nisterio de Fomento”, en 1909; “Se declara re- cibidos los caminos a satisfacción del gober- no”, en «Colección de leyes, decretos, resolu- ciones, y Otros documentos oficiales roferen- tes al departamento de Loreto”, 1909; ““Scc- ciones de Puentes Metálicos”, en 1915; “Mo- moria al Congreso Ordinario de 1915” y edi- tado en 1955; “Hidráulica”, en 1918; “Progra- ma del Curso de Hidráulica, Motores y Máqui- nas Hidráulicas”, publicado en 1921; “Proyecto creando la provincia de Yaraví”, en el Bolctín de la Sociedad Geográfica de Lima, 1923: «Proyecto de reforma de la instrucción secun- daria”, editado en 1927; «Alocución dirigida a \x0c'} 'los alumnos de la Escuela Nacional de Artes y Oficios”, publicado en 1927; “La industria moderna. La gran industria”, en 1927; “Evo- lución de las hipótesis”, editada en 1928, “El problema del indio en el Perú”, en 1928; “Ex” ploraciones y descubrimientos geográficos en los últimos años”, en 1928 “Discurso de orden en las bodas de oro profesionales del ingeniero ». Alejandro Guevara”, en 1928; “La educación, publicado en 1929; “Nuevas orientaciones científicas”, publicado en el Mercurio Peruano, 1929; “Conceptos y orientaciones de ciencia moderna”, en Mercurio Peruano, 1930; “Cien- cia e Industria”, aparecido en el Boletín de Mi- nas, sección industrias y construcciones, 1931; “Sinopsis geográfica económica del Perú”, en el Boletín de la Sociedad Geográfica de Lima, 1931; “La Industria”, publicado en 1933; “Temblores y terremotos”, en 1935; “Moder- nas aplicaciones industriales de la química”, 1937; “Las aplicaciones de la qu ímica”, 1937; “Materias Primas”, en 1938. “Notas sobre el departamento de Moquegua”, publicado en el Boletín de la Sociedad Geográfica de Lima por el año de 1952; “Construcciones de varaderos de embarcaciones menores y del Estado”, apa- recido en “Algo de la Amazonía Peruana” de Luis Alayza Paz Soldán, 1960. Las anotadas obras, son la expresión de la intensa actividad de don Francisco Alayza Paz Soldán en el campo intelectual por varias déca- das, la cual le permitió ser miembro y ocupar importantes funciones en muchas instituciones como en la Sociedad de Ingenieros, de la cual fue Presidente en elaño de 1915; Vicepresiden- te de la Sociedad Geográfica de Lima; Presiden- te de las Sociedades de Tiro del Perú; Director del Cuerpo de Ingenieros del Estado en el año de 1909; Director del Cuerpo de Ingenieros de Minas. Después de tan frondosa actividad, dejó de existir en Miraflores el lo. de noviembre de 1942."
"CARLOS ALAYZA Y ROEL","El parlamentario e ingeniero de minas don Carlos Alayza y Roel, nació en la ciudad de Li- ma el 27 de noviembre de 1878. Posteriormen- te, estudió en el conocido Colegio de los Jesui- tas, años después su predilección por la ingenio- ría le llevó a realizar dichos estudios universi- tarios, recibiéndose de Ingeniero de Minas en el año de 1901. Ya profesional, inició labores en los de- partamentos de Arequipa y Junín, Fue precisa- mente cn este último departamento que su acti vidad en el campo minero le permitió ganarse la A A a A TEA Ge 0 \x0csimpatía de los obreros de esos yacimientos co- mo de los demás pobladores, llegando a ser se- nador por ese departamento. Su vasta cultura y dotes de parlamentario le condujeron tiempo más tarde a Ocupar el cargo de Ministro de Fomento."
"OSCAR ALAYZA T.","El ingeniero Oscar Alayza T. ingresó a la Escuela de Construcciones Civiles y de Minas, después denominada Escuela de Ingenieros y hoy Universidad Nacional de Ingeniería, en el año de 1922, En este mismo centro superior, en 1925, concluyó sus estudios de ingeniería de minas, Años más tarde, en 1932, obtuvo su diploma de Ingeniero de Minas. Trabajó en varios asientos mineros del país. Escribió sobre la economía de la industria minera peruana, Sus escritos sobre el citado tema, se encuentran registrados en el tomo Bi- bliografía de esta obra, con las fichas corres pondientes a los números (139) y (140). Perteneció a la promoción de ingenieros mineros del año 1925. Trabaj-S largos años en el Cuerpo de Inge- nieros de Minas, dirigiendo la preparación de la Estadística Minera,"
"CARLOS ALBERTO ALBAN AVILA","El Ingeniero Geólogo Carlos Alberto Ar bán Avila, inició y concluyó sus estudios bási- cos en los centros escolares Escuela Fiscal No. ] y el Colegio Salesiano, entre los años 1944 y 1955, en Piura, Por el año de 1957, ingresó en la Universi dad Nacional Mayor de San Marcos para estu- diar geología, En 1961 egresó de esas aulas uni- rersitarias con el grado de Bachiller en Geolo- ja. Poco después, se tituló de ingeniero geólo- O, En su condición de profesional, prestó servicios en el Ministerio de Agricultura por el ño de 1964, En el desempeño de labores, via- ó a Puno para levantar planos topográficos con ás método fotogramétrico. Allí estuvo hasta 971, De regreso a Lima, efectuó el levantamicn- o de planos geológicos a escala grande para cl mplazamiento de obras de infraestructura de lego como bocatomas, canales principales Y úneles, También realizó trabajos en Arequipa, n Cusco y Ayacucho, EU A E: A A \x0c'} "" En 1973, viaj0 a Abancay, Apurimac, con la finalidad de desarrollar los trabajos en el Sub- proyecto de Irrigación en ese departamento. En junio de 1974 pasó al Subproyecto de Irriga- ción de Huanta. Entre 1975 y 1979, ha efectuado labores de organización de la Oficina de Ingeniería y Catastro, en Ayacucho; en el Proyecto Especial Olmos, campamento de Pasobar y Limón, en Chiclayo, departamento de Lambayeque, de 1975 a 1977; estudios de mejoramiento de ric- go de la sierra y diagnóstico geológico cen fines de riego de los valles de los ríos Tarma y Man- taro, en el departamento de Junín; estudios de mapeo geológico subterráneo, como fracturas y diaclasos mediante proyección circular de puntos para el Túnel Piloto Trasandino; estudio de diagnósticos a nivel local de los valles de Pu- cará, Shulcas, La Huaycha y La Virgen, a escala 1: 25,000, en el departamento de Junín; y es- tudio geológico del vaso y bosquilla de las lagu- nas Huascacocha, Chinchicocha, Yuraccocha - Yanahuyac, a escala 1: 2,000, en el departa- mento de Junín entre los años 1978 y 1979, Poseedor de vasta y rica experiencia en el campo de la geología por más de década y mo- dia, ingresó en enero de 1980 al Instituto Geo- lógico, Minero y Metalúrgico, INGEMMET, donde realiza trabajos de su especialidad en la División de Levantamientos Geológicos Regio- nales,"
"RAMON ALBAREDA GUTIERREZ","Nacido el 12 de agosto de 1911; cursó sus estudios en la Universidad Nacional de Ingenie- ría en la especialidad de Ingeniería Electrónica; su experiencia la ha realizado en Marcona como Ingeniero Asistente, Gerente Técnico, Ingenio- 10 Asistente Superintendente de Servicios Eléc- tricos, Ingeniero Jefe Diseño y Obras; en Hie- rro Perú como Asistente Superintendente del Campamento y posteriormente como Super- intendente de Campamento."
"ALEJANDRO ALBERCA CEVALLOS","Se graduó de Ingenicro Gcólogo en la Uni- a Nacional Mayor de San Marcos, en el lea Eds Optó el grado de Doctor en Gco- AS n el año de 1961, en la misma Universi SV 1973, la ya citada universidad le otor- título de Profesor Emérito. =R Su condición de profesional, desarro- versi, año \x0c1O labores como Geólo, g0 Asistente de la Em espacio de seis años, 1 la Facultad de Ingeni Católica del Perú y p tos de Minas y Petri go plo y Geólo- presa Petrolera liscal la sido Profesor Titularen ¡cría Civil de la Universidad AA Se los Departamen- inas Ó! e la E j de Ingeniería, hoy Universidad a genicría, Actualmente es Profesor Principal en el Departamento de Geología de la Universidad Nacional Mayor de San Marcos. También se ha desempeñado en la misma Universidad como Director del Programa Académico de Geología e Ingeniería Geológica, Miembro del Consejo Ejecutivo Ampliado y Representante de la Co- mision Nacional Interuniversitaria ante el Con- sejo Directivo del Instituto Geológico, Minero y Metalúrgico."
"PEDRO ALCA FLORES","Nació el 18 de diciembre de 1947. Realizó sus estudios de educación primaria en el colegio Almirante Grau de Ancón, y los de secundaria en la Gran Unidad Escolar Ricardo Bentín. Siguió estudios en la Universidad Nacional de Ingeniería, donde se graduó de Ingeniero de Minas, Después, se graduó de Licenciado en Administración de Empresas en la Universidad Nacional Mayor de San Marcos. Efectuó labores de prospección y explota- ción de minas en 1975, En elaño de 1976, tra- bajó como Asesor Técnico-Administrativo en la pequeña minería. Entre los años 1977 y 1979, se ha desempeñado como Ingeniero de Venti- lación y Foreman de la Mina, Unidad Quiruvil- ca, Northern Perú Mining, 1977; y docente a dedicación exclusiva en los Programas Académi- cos de Ingeniería de Minas y Ciencias Adminis trativas de la Universidad Nacional de Tacna. JUAN CARLOS ALCALDE O'HARA Nació el 24 de noviembre de 1949 en Lt ma, realizó sus estudios académicos en la una versidad Nacional de Ingenieria en la especial dad de Minería; su experiencia la adquirió en San Ignacio de Morococha. \x0c""} 'VICTIOK ALCEDAN Ingresó a la Escuela de Construcciones Ci- viles y de Minas, luego Escuela de Ingenieros y hoy Universidad Nacional de Ingeniería, en el año de 1915. En este mismo centro supe- rior, en 1918, terminó sus estudios de ingenio- ría de Minas. , % > Trabajó en los asientos mineros de Yauli y Morococha; y de estas zonas mineras escribió “en “Apuntes sobre los yacimientos minerales de la región de Morococha y Yauli”. Este inte- resante estudio se encuentra anotado en el to- mo Bibliografía de esta obra, con la ficha co- rrespondiente a los números (166). Perteneció a la promoción de ingenieros mineros del año de 1918."
"DIONISIO DE ALCEDO Y HERRERA","El autor del opúsculo en el que se sostenía lo inconveniente de cerrar las minas de azogue de Huancavelica, don Dionisio de Alcedo y He- rrera nació en Madrid, y vino a Lima, con la fa- milia del Virrey del Perú, Marqués de Castell- dosrius. Posteriormente, retornó a España, colabo- rando con el ministro de marina, don Manuel Fernández Durán. Fue precisamente en el año de 1719 que el gobierno español trató de cerrar las minas de azogue de Huancavelica y Alcedo, siendo aque- llo motivo de un notable opúsculo en defensa de la producción de esas minas y la inconve- niencia de tal medida y que fuera escrito por don Dionisio de Alcedo, por encargo del mi- nistro Durán. E Ocho años después, la corona española le pidió iniciara un estudio sobre la posibilidad y conveniencia de rebajar al diezmo el quinto que se cobraba de la plata en pasta, ya que los mi- neros desde 1608 habían solicitado tal rebaja sin scr escuchados. Alcedo informó sobre tal situación, señalando que con el diezmo, muchas minas empezarían a laborar y otras incrementa- rían su producción. Al cabo de muchos años y de haber reco- rrido diversas zonas del Virrcynato del Perú, se retiró a vivira Madrid, donde murió a la edad de 87 años, \x0cMANUEL ISMAEL ALDANA ALVAREZ Estudió en la Universidad Nacional Mayor de San Marcos, egresando del Programa de Gco- logía. Se ha especializado en Paleontología, Trabajó en el Instituto de Geología y Minería. LOURDES DARNELLI ALDANA GIBAJA - La profesional Lourdes Darnel Aldana Gibaja, después de haber realizado sus estudios de educación primaria y secundaria, cursó quí- mica en la Universidad Nacional Mayor de San Marcos, especializándose en Metalurgia y Quí- mica Textil. Durante sus años universitarios tuvo la oportunidad de efectuar sus prácticas preprofe- sionales en las empresas Compañía Peruana Francolor S.A. y Nicolini Hermanos S.A., entre losaños 1975 y 1976. Y en el lapso comprendido entre 1975 y 1977, fue asistente en las secciones de Labo- ratorio de Química Analítica Cualitativa, Cuan- titativa e Ingeniería Química. Posteriormente, ya graduada, inició sus primeras experiencias en Producción Química y Desarrollo S.A., en condición de asesor. Des pués, pasó a desempeñarse en la Pontificia Universidad Católica, en investigación y con trol de calidad de productos industriales. Por ese entonces, pasó a ser miembro del cuerpo docente de la Universidad Nacional Ma- yor de San Marcos, enseñando cursos del árca de Química General para los programas de In- geniena Metalúrgica y Mecánica de Fluídos. También prestó servicios en el Instituto Geológico, Minero y Metalúrgico, INGEMMET, en el Proyecto 01 “Adecuación e Implementa- ción de Laboratorios Químico Minero y Meta- lúmicos”, . ; Es justo anotar que la citada profesional ha asistido a certámenes cientificos como el “IX Congreso Peruano de Química” 1971; ""Xx Congreso Peruano de Química” 1974; y el “XII Congreso Latinoamericano de Química” 1976. \x0c'} ' ó el Autor 1 2 z 2"
"CARLOS MARCIAL ALEMAM ABAD","Realizó sus estudios académicos en la Uni versidad Nacional San Agustín, en h especiali dad de Geología; experiencia realizada en Bue- ventura Como geólogo residente; en Yauli e le residente Y en Minero Perú geólogo del proyecto Bayovar,"
"ALFREDO GABRIEL ALFARO LAGOS","Cursó sus estudios académicos en la Uni- versidad Nacional San Cristóbal de Huamanga en la especialidad de Minería, Su experiencia la ha realizado en Buenaventura como Jefe de Minas, Cía. Minera Castrovirreyna como Ingo- niero de Seguridad y en Centromín con el cargo de Ingeniero de Seguridad - U.P. Cerro de Pas- co."
"ALEJANDRO ALOCEN VASQUEZ","Fue en la Universidad Nacional Mayor de San Marcos donde Alejandro Alocén se graduó de Ingeniero Químico. Su vocación por la me- talurgia le hizo especializarse en esta materia."
"ROSA ELENA ALONSO REYNA","Nació en la ciudad de Lima, el 22 de abril de 1945, Después de haber concluido sus estu- dios de educación primaria y secundaria, ingrc- só a la Universidad Nacional Mayor de San Mar- cos para seguir estudios de Química, En el año de 1974 egresó con el grado académico de Ba- Ele: en Química. Fue por ese mismo año que Obtuvo su título profesional de Químico. En su condición de profesional inició h- del O el Servicio de Geología y Minería leo a de Energía y Minas, como Quí- EN ente del Laboratorio de Espectro- pb 1980 empezó labores en el Instituto Ogico Minero y Metalúrgico, INGEMMET, co Pe 4 d mo Químico Asistente en el Arca de Geo- Quimica, \x0cCESAR AUGUSTO ALVA PLASENCIA Hizo sus estudios académicos en la Univor- sidad Nacional Mayor de San Marcos de De cinlidad de Geología, Experiencia obtenida en Minero Perú como Geólogo Asistente de Perfo- ración en Cerro Verde, Geólogo Asistente Campo Quellaveco, Geólogo 11 de Campo Chal- cobamba, Geólogo 11 de Campo Michiquillay y Analista de Programas Il."
"LUIS ALVA SALDAÑA","El Ing. Luis Alva Saldaña ingresó a la E- cuela de Construcciones Civiles y de Minas, des pués Escuela de Ingonicros y hoy Universidad Nacional de Ingeniería, en el año de 1931. En este mismo centro superior, en 1934, con- eluyó sus estudios de ingeniería de minas. En el año de 1938 obtuvo su diploma de Ingeniero de Minas. Tmbajó en varios asientos mineros del Perú. Sus experiencias y conocimientos obteni- dos en el quehacer minero, le permitieron es cribir sobre temas como el cobre, la bentonita, la metalurgia y la industria peruana, Sus estu- dios han sido anotados en el tomo Bibliografía de esta obra, con las fichas correspondientes a los números (193) al (202)."
"LIZANDRO ALVARADO","El ingeniero Lizandro Alvarado ingresó el año de 1890, a la Escuela de Construcciones Ci- viles y de Minas, después denominada Escuela de Ingenieros y hoy Universidad Nacional de Ingeniería, Concluyó sus estudios de ingenicría, en cl año de 1892. Un año después, obtuvo su diploma de Ingeniero de Minas, Efectuó actividades profesionales en los asientos mineros de Condesuyo, Camaná v Tuctu, (Morococha). Trabajó con los ingenieros Ss. Marrou y F. Alayza y, con quienes escribió sobre los yacimientos auríferos de Condesuyo y Camaná, Sus estudios mineros se encuentran apuntados en el tomo Bibliografía de esta obra, con las fichas que responden a los números (218) y Q19). \x0c'} 'ARTIDORO ALVARADO GARRIDO El doctor ingeniero don Artidoro Alvara- do Garrido, nació en Lima el 28 de diciembre del año de 1897. Años más tarde, después de haber concluído sus estudios básicos, ingresó a la Escucla de Ingenieros y a la Universidad de San Marcos, graduándose de Ingeniero en 1927 y de Doctor en Ciencias en 1928, respecti- vamente, Posteriormente, se vinculó al cuerpo do- cente de la Universidad de San Marcos y como también del centro superior Ingeniería, dejando lo mejor de sus experiencias y cultura en las clases que dictó. Su vasta experiencia en el campo minero le permitió ocupar la Dirección de Minas y Pe- tróleo del Ministerio de Fomento, cargo que de- sempeñó exitosamente. Conocido en el ámbito minero, fue Vocal de los Consejos Superiores de Minas y Aguas y miembro de la Sociedad Geográfica del Perú y de la Sociedad de Ingenieros."
"CESAR ALVARADO OLIVARES","Nació en Lima e hizo sus estudios superio- res en la Escuela de Ingenieros, de donde egre- só en 1946, graduado de Ingeniero de Minas, Desde muy joven estuvo cinculado a la minería y a las actividades científicas y de in- vestigación, Era nieto del Dr. Antonino Alvara-. do Rivera, Profesor de Química del Colegio Nacional de Nuestra Señora de Guadalupe, y - Catedrático de Mineralogía de la Universidad Nacional Mayor de San Marcos, en la que fuera Decano de la Facultad de Ciencias, Asimismo, su padre, el Ing. Artidoro Alvarado Garrido, fue un destacado estudioso de la especialidad, Profesor de Matemáticas de la Universidad Na- cional de Ingeniería, y Director de Minería y Petróleo, y más adelante Director de Petróleo, al dividirse aquella Dirección,"
"CARLOS GERMAN ALVARADO PADILLA","Cursó sus estudios académicos en la Uni- versidad Nacional de Ingeniería en la especiali- dad de Minería; egresó el año 1950, Su amplia experiencia la logró en Minero Perú donde ocu- pó los siguientes cargos: Gerente Proyecto Ba- yóvar, Topógrafo, Subjefe de Ingenicros, In- genicro de Ventilación, Ingeniero de Seguridad, \x0cCapataz General de Minas, Jefe de Mina, Super- intendente General y Gerente de Operaciones"
"ANGEL ALVAREZ ANGULO","Sus estudios académicos los rcalizó en l Universidad Nacional San Agustín en la especia. lidad de Geología; toda su experiencia la ha acumulado en Centromín donde se ha desem. peñado como Asistente Geólogo, Geólogo, Geo- lógo de División y en Casapalca como Geólogo de División."
"FELIX REMY ALVAREZ CALDERON","Nació en la ciudad de Lima, el 1o. de agos- to de 1942. Cursó estudios de ingeniería de minas en Colorado School of Mines, Departa- mento de Minería, Estados Unidos de Norte- américa, de 1961 a 1965. Posteriormente rea- lizó estudios de post grado en el Perú, en la Escuela de Administración de Negocios (ESAN) de 1968 a 1969, con el título de Magister en Administración de Negocios. Trabajó en la Southern Peru Copper Cor- poration a partir de setiembre de 1965 hasta marzo de 1968, como Capitán de Mina. En mar- zo de 1969 ingresó a trabajar en la Sociedad Paramonga Ltda., como Asistente del Gerente de Operaciones de la División Papel, En esta empresa se mantuvo hasta el año de 1978. En marzo de 1978 ocupó el cargo de Ingeniero Minero-Industrial en el Banco Interamericano de Desarrollo (BID). En el desarrollo de este cargo se desempeña hasta la fecha (1982)."
"GUILLERMO ALVAREZ CALDERON","El ingeniero minero Guillermo Alvarez Calderón, se graduó en London a Poco después, siguió estudios de post grado E London University, Royal School of AN En ese entonces también estudió en Gill University, Montreal Canadá. De retorno al Perú, llevó a ca! que culminaron en el cargo de Superin en la Northern Perú M £ S.Co. e Posteriormente, ocupó el cargo de a sl ro de Costos en Marcona Mining Compor” lea , Más tarde ocupó el cargo de Asesor del Dep Lo. mento de Minerales de W.R. Grace e Eo También ha ocupado los cargos de bo labores tendente a OQ < \x0c'} 'erente de la Cía. Minera Ocre; Supervisor aluación de Minas y Minas Afiliadas en Cerro de Pasco Corporation; y Supervisor de Evaluación de Minas y Minas Afiliadas en CEN- TROMIN PERU. Actualmente es Gerente General de MIN- PECO. tor Gi de Ev:"
"MANUEL ALVAREZ CALDERON REMY","Ingresó a la Escuela de Construcciones Ci- viles y de Minas, luego Escuela de Ingenieros hoy Universidad Nacional de Ingeniería, en el año de 1933. Posteriormente, en el año de 1936, terminó sus estudios de ingeniería en este mismo centro superior, Trabajó en varios asientos mineros del perú, Escribió “Explotación de Minas”. Este estudio minero se encuentra anotado en el to- mo Bibliografía de esta obra, con l ficha co- rrespondiente a los números (223). Formó parte de la promoción de ingenie- ros mineros del año 1936."
"FIDEL ALVAREZ MALAGA","Llevó a cabo sus estudios de geología en la Universidad San Agustín, graduándose en el año de 1960 de Ingeniéro Geólogo. Se especializó en Geología Minera."
"CARLOS ALVAREZ MASA","4 El ingeniero Alvarez Masa, inició sus es tudios superiores en la Escuela de Ingenieros de Lima, concluyendo los mismos por el año de 1899, con el grado de Ingeniero de Minas. Desde ese entonces y por muchos años, PIestó eficientes servicios en el sector minero. 15 experiencia adquirida en ese campo, E ares distinguido profesional a formar Artes y Den de docentes de la Escucla de mente lo cios, en cuyas aulas cumplió austera- s deberes de tan importante cargo. Des y conocido en el ambiente profesional tió o Cn diversas instituciones, le permi de Obras de ¡Lo de Ingeniero de la Sección ca de Lar a Sociedad de Beneficencia Públi- Y tiempo después, cuando realizaba activi- dades z nio dE A onales, enfermó falleciendo en ju- \x0cENRIQUE ALVAREZ NUÑEZ Nacido el 6 de octubre d i estudios académicos en la Are Nacio. nal de Ingeniería en la especialidad de Mecá- nica; experiencia acumulada en la Universidad Nacional de Ingeniería como Auxiliar RR.PP. y como instructor de laboratorio; luego en Mar- cona se desempeñó como Asistente Supervisor de Planeamiento y Mantenimiento, después co- mo Ingeniero de Diseño, Luego en Hierro Perú como Jefe de Diseño y Asistente Supervisor de Ingeniería."
"VICTOR ALVAREZ SEGURA","Víctor Alvarez Segura nació en Tarma, el 22 de setiembre de 1918. Sus estudios de edu- cación primaria y secundaria los llevó a cabo en el Colegio Nacional San Ramón de esa ciudad. Posteriormente tuvo que viajar a Lima con la finalidad de postular a la Escuela de Ingenieros del Perú, recinto de estudios superiores en el que se graduó de Ingeniero de Minas en el año 1943. En su condición de profesional minero, trabajó en la Cerro de Pasco Corporatión como Ingeniero de Seguridad en Goyllarisquizga des- de 1944 hasta 1947. Posteriormente, se descm- peñó como Ingeniero Jefe de Minas en la Com- pañía Carbonera Ancos S.A. en los años 1947 y 1950. Entre 1950 y 1960 fue Superintendente de la Compañía Minera Santa Rita, en Moro- cocha, Tres años más tarde ocupó el cargo. de Gerente de Operaciones en la Compañía de Mi- nas Buenaventura S.A., centro minero en el que se mantuvo hasta elaño de 1977,"
"JUAN ALVAREZ TORRES","Nació el 14 de setiembre de 1948, cursó estudios académicos en la Universidad Nacional San Agustín en l especialidad de Geología; experiencia acumulada en la Oficina Nacional de Evaluación de Recursos Naturales como Geólogo de Pozo y Geólogo. \x0c'} ""“HUGO ERNESTO ALVAREZ ZORRILLA Este ingeniero geólogo nació el 6 de mayo de 1945 en Mollendo, provincia del departa- mento de Arequipa. Fue en el Colegio San Fran cisco de la ciudad de Mollendo, donde empezó sus estudios primarios y los de educación se- cundaria en el Colegio “Valdivia” en esa misma provincia, Sus estudios superiores los llevó a cabo en la Universidad Nacional San Agustín de ese departamento. En esta Universidad reci bió los títulos de Bachiller en Ciencias Geoló- gicas y de Ingeniero Geólogo. Ya profesional participó en el Proyecto “Toro Mocho” como Geólogo Asistente, en el año de 1970, Un año después, prestó servicios en San Cristóbal como Geólogo Asistente. Pos- teriormente se desempeñó como ingeniero geó- logo en las minas de Cobriza y Morococha, en- tre los años 1974 y 1975. Es el año de 1977, que viajó a Francia para realizar estudios de post grado en la Es- cuela de Geología Aplicada de Nancy. A su retorno ocupó el cargo de Jefe de Geólogos en Yauricocha, en el año de 1978, Ha realizado importantes estudios mine- ros, entre los que destacan su “Reconocimien- to Geológico entre Camaná y Quilca”, tesis de Bachiller; “Minceralización en la veta Anday- chagua”, tesis de ingenicro; “Mineralización de Tungsteno en la veta San Cristóbal”; “Contro- les Geológicos en yetas de Relleno-Morococha”; “Flujos Mineralizantes en la veta Minero Ma- nuelita-Morococha”; y “Evaluación económica del área San Alfonso Morococha”.,"
"MANUEL ALBERTO ALVARO CASTRO","Nació el año 1950; hizo sus estudios aca- démicos en la Universidad Nacional Mayor de San Marcos en la especialidad de Química; experiencia tomada en la Southern Peru Copper Corp. como Ingeniero de Seguridad e Higiene Industrial,"
"ELEUTERIO ALVINO GUTARRA","Nació el 18 de abril de 1942; hizo sus es tudios académicos en la Universidad Nacional de Ingeniería, especialidad de Minería ceresó de ella el año 1966; su experiencia la ha acumu- lado en Centromín como Mine Foreman y Jefe de Mina, en Hierro Perú como Invest. Fractur. \x0cy voladura, lucgo como Supervisor de Planca. miento a largo plazo,"
"ISAAC ALZAMORA","El doctor Isaac Alzamora, distinguido par. lamentario e impulsor de la minería peruana nació en Lima, un 3 de junio de 1850. Sus estu. dios de educación básica los cursó en el conoci. do Colegio de Guadalupe. Por aquel entonces sintió predilección por los estudios de juris: prudencia; los que inició en la Universidad de Lima, cn cuya Facultad de Letras y Jurispru- dencia optó los grados de Bachiller, Licenciado y Doctor. 7 Más tarde, como miembro de la Cuardia Nacional Gálvez, se le encomendó pronunciar un discurso, en representación de esa oficiali- dad ante el Presidente de la República, don Manuel Pardo. Lucida exposición que le permi tió meses después viajar a Chile en condición de segundo Secretario de la Legación. Ya iniciado en la vida política del país, se destacó en esas esferas por su excelente cul tura y entre aquellas actividades políticas, pu- do vincularse al sector educativo, siendo así que en 1877, la Facultad de Ciencias Políti- cas y Administrativas le nombró Catedrático de Economía Política, Su vasta cultura en humanidades, hizo de él figura estimada cn la Universidad. En esos años de activa labor en ese centro superior, no solamente fueron solicitados sus servicios en la citada cátedra. sino que también se le confió los cursos de Estética, Historia de la Filosofía Moderna y Pedagogía. Años más tarde, don Isaac Alzamora fue elegido Decano de la l'a- cultad de Letras por elaño de 1891. Sus actividades en el sector educativo y su continua labor política, le llevaron a conocer h compleja vida económica del país. Y convenci- do de que cl progreso y futuro del Perú depen- día fundamentalmente de alentar e impulsar h producción minera, volcó sus esfuerzos a gs área, donde en 1900, en compañía de los seño- res Aspíllaga, Angusclay, Payán, Normand, Wells, Gallo Diez, Jacoby, Gallo, Villanueva, fundó la “Empresa Socavonera de Cerro de Pas- co” con la finalidad de ejecutar el contrato ce- lcbrado cl 26 de octubre de 1900 entre los nombrados y el Supremo Gobierno, cuyo obje- tivo fue llevar a cabo las operaciones de desa- giic, explotación y beneficio de los minerales de Cerro de Pasco. MN Y después de duro batallar en la forja co- mo en la defensa de las riquezas minerales de la nación, reinició dinámica actividad univer”"
"A AI E GEAR IRIE A","PA PATO A A to a a me OOO te sm AA \x0c""} "" «aria, Ya por esos años, expuso claramente ideas sobre la educación peruana en diver- as tos que cumplió. De éstas, vale señalar a stica en aquel entonces al sistema educati- su criti 1, del cual señaló la mala distribución A Niailero destinado a la enseñanza, basado pre- de mente en el coricepto, que más importante Sn los estudios de educación secundaria que so imaria. Motivo que llevó a que este los de primi 4 primer período en la formación cultural de una persona quedara completamente descuidado, y en tal caso, se debería incrementar un buen número de Cursos, profesores y materiales pe- dagógicos, a fin de asegurar una buena forma- ción del educando; ya que el objetivo era asegu- sar la educación primaria para todos los habi- tantes del país. Y en esa, su dura crítica mani- festó su desacuerdo con h enseñanza de las lenguas muertas en la instrucción secundaria, de lo cual dijo: “Las lenguas muertas, O sea el latín, que es la única que ahora se enseña en- tre nosotros, no tiene ningún motivo para figu- rar en el plan de estudios de nuestros colegios. Se cree generalmente que son necesarios para las carreras universitarias, y muy particularmen- te para los que se dedican a las letras, Pero todo ésto es puro convencionalismo'” Y tras luchar por estas reformas, renunció a la cátedra de Pedagogía en la Facultad de Le- tras por el año de 1914, Es digno de mencionar su actividad como Ministro de Relaciones Exteriores, durante el gobierno del General Cáceres; período en el cual se destacó en ese ámbito por su mesurada intervención en el modificado contrato de la deuda externa el 25 de octubre de 1887 y en el que defendió los derechos de la nación, y su soberanía en respuesta a las declaraciones co- mo también protestas de Chile por el tratado de Ancón y Francia por los bonos de tenedores franceses en dicha deuda, Ya posteriormente, en su condición de parlamentario, trabajó en pro de muchas refor- mas jurídicas como el respeto al sufragio popu- - Aci por estos años puso mucho énfa- pS 'os problemas limítrofes entre Ecuador y 1 Perú, apoyando decididamente la aproba- ción del tratado García Herrera, AS copo cida figura en el ambiente políti- E mal como su cualidad de excelente ora- : OACI Ocupar el respetado cargo de ví dd del Partido Civil. Sitinl desde el e Ichó por el programa político de esa Or- 198 AN siendo así que en 1899 fue candida- ca, que Primera Vicepresidencia de la Repúbli- , ej jerció elya citado ed mandato del Congreso pe \x0c19) steriormente, entre dichas actividades, )¡cupó con notable brillo las funciones de Ad- unto a los Fiscales de la Corte Suprema de Jus- icia, De sus brillantes cátedras en la Facultad de Letras de la Universidad de Lima, nos ha dejado un resumen de su curso de Psicología y algunos trabajos orgánicos de jurisprudencia, Y es así, que don Isaac Alzamora, renom- brado político, jurisconsulto, maestro universi- tario e impulsor de la minería peruana, dejó de existir en Nueva York por el año de 1930. VERA ALLEMAN DE D'ANS Se doctoró en Paleontología en la Univer- sidad Nacional del Estado, en Bélgica, Posteriormente viajó al Perú, lugar en el que se desempeña como docente en el Depar- tamento de Geología de la Universidad Nacio- nal Mayor de San Marcos."
"MANUEL DE AMAT","Don Manuel de Amat, Virrey del Perú en- tre los años 1761 y 1776, nació en la ciudad de Cataluña en el seno de una familia antigua y dis tinguida, Se vinculó a la carrera de las armas desde joven, y en esa actividad con el correr del tiempo supo distinguirse en la guerra de Africa, en la batalla de Bitonto cn 1736, en el asedio de Gaeta y en la toma de Badi. En reconocimiento a dichos méritos fue nombrado Presidente y Capitán General de Chi- le. Posteriormento, conocido en las esferas mi litares y políticas de España, fue designado para suceder al Conde de Superunda en el gobierno del Perú, llegando a tierras de América en la fecha ya citada, Ya establecido en el gobierno, desarrolló notable actividad entre las cuales, merecen ci tarse tales como la organización de un bien armado ejército a raíz de la guerra entro España e Inglaterra; la prisión y expulsión de los padres de la Compañía de Jesús y la apropiación por la corona de sus bienes; división de la ciudad por barrios, nombrándose alcaldes para cada uno de ellos; en 1770 se erigió el tan famoso convicto- rio de San Carlos, on el local que servía de no- viciado a los jesuitas, reuniéndose en él los cole- gios de San Martín y de San Felipe; se descu: brió el rico mineral de Hualgayoc; en 1774 se concluyó la fábrica de los torreones, casas ma- tas y cuarteles de la Fortaleza del Callao; y se inauguraron las dos columnas principales del fa- \x0c""} ""Sus experiencias, observaciones y reflo- xiones paa de la principal actividad colonial como lo fue la explotación minera, han queda- do escritas en su relación de gobierno del año de 1776, en la que aparece un interesante estu- dio de la minería peruana y su influencia en las minas de Almaden. : En esta relación, el Virrey apuntó. varios aspectos de la minería peruana, ocupándose es pecialmente de la producción de azogue de la mina de Huancavelica como de la mita de in- dios practicada allí. También examinó la producción y la eco- nomía minera de esa mina con precisos datos estadísticos desde 1761 a 1774, Destacó en ese enfoque minero la explota- ción del oro y plata del Perú, siendo este último metal de importancia para acuñar marcos En ese estudio anotó un interesante hecho en la vida minera colonial: la producción de azogue era muy costoso y tan necesaria para el gremio minero, que las autoridades españolas decidicron por Real orden del 17 de octubre de 1750, se remitieran por vía de Buenos Aires a Potosí 1,500 quintales de azogue del Almaden con los fines de venderlo a menor precio que el de Huancavelica y para que se hiciese compa ración de la calidad de ambos azogues. El Virrey señaló que los indios y mestizos que trabajaban en las minas de América, unos eran voluntarios “Mingas” y otros forzosos lla- mados mitayoc. Los jornales que percibián eran iguales; y el tiempo de esas actividades duraban seis meses, siendo reemplazados por otros in- dios. Allí, cn ese trabajo, también indicó que fue el Virrey don Francisco de Toledo, quien en 1578 impuso esta contribución de sangre en el Perú, Y después de concluído su gobierno don Manuel de' Amat, se retiró a España, establo- ciéndose en la ciudad de Barcelona, *... en una finca suya que le ofrecía todo género de como- didades —dice Mendiburu— y se asegura, que a pesar de su edad avanzada, se desposó con una sobrina suya”. ;"
"RICHARD AMIEL MEZA","Nació en Moyobamba, capital del devarta- mento de San Martín, el ninas Ea “después su familia se trasladó a Lima, Graduado de Ingeniero Geólogo enseña el curso de Geolo- gla General BI en el Departamento Académico de Geología en la Universidad Nacional Mayor de San Marcos. En las elecciones municipales * de los años 1980 y 1983 fue candidato del * Partido Popular Cristiano a la Alcaldía de Lima, \x0cCARLOS EDUARDO AMPUERO FLORES Nació el 7 de setiembre de 1948 en h ciudad de Lima,sus estudios académicos los hi zo en la Universidad Nacional Mayor de San Marcos, especialidad de Física; experiencia acu. mulada en el Instituto Peruano de Energía Nuclear en Dosimettía, Evaluación Ambiental Seguridad y Protección Radiactiva."
"CHRISTIAN AMSTUTZ","Fue en la ciudad de Born, Suza, en que Christian Amstutz nació por el año de 1922, Al concluir sus estudios básicos inició los superiores en el año de 1942 en el Instituto Fo. deral Suizo de Tecnología como también en el Instituto de Mineralogía y Petrología. Tres años más tarde, es decir en esos años de estudiante, Amstutz fue nombrado oficial de artillería del ejército suizo. Posteriormente, en el año de 1947 obtuvo su Diploma de Ingeniero Geólogo, Ya graduado, se desempeñó como instructor de geofísica en el Instituto Federal Suizo de Tec. nología, siendo su primer contacto con la do- cencia, labor que desempeñó exitosamente, per- mitiendo que el año de 1948 fuera encargado del dictado del curso de mineralogía. Un año más tarde, deseoso de profundizar sus conocimientos de geología, viajó a los Estar, dos Unidos, donde cursó estudios de post gra- do en University of Washington. : Tiempo después, llevó a cabo trabajos de investigación como estudios avanzados en el M.E.T. y en University of Harvard, hasta el año de 1951. En ese entonces lboró como Consultor en la Construcción de Caminos en Oregon, y dado sus conocimientos y experiencias se ci cargó de un trabajo sobre radioactividad de ro- cas del proyecto de investigación Schtumber- ger, en condición de Ingeniero Geólogo. Al tér- mino de dichos trabajos, retornó a su país na” tal, donde se reintegró a la enseñanza en el Iny tituto Suizo de Tecnología, centro de estudios en el que permaneció hasta el año de 1952. Y en aquel año, atraído por el Perú, - Amstutz llegó a estas tierras, prestando servicios en la Cerro de Pasco Corporation; empres en la que realizó trabajos de exploración y ma- pco mineralógico, Poco después conformó, entre 1953 y 1956, una comisión de trabajo sobre petrología, ¿AD En esa fecha decidió viajar al país de norte, Estados Unidos, para enseñar peRoEn en University of Missouri, Más tarde viajo a a a A n e b c 1 \x0c""} "" misión de investigación minera a Bolivia; em- prendiendo después viaje de conferenciante por * Canadá y otros países de Europa, hasta el año de 1962. 0 Conocido por el ámbito minero mundial, Amstutz fue invitado en el año de 1963, por Unwersity Tubingen, casa de estudios en la que fue profesor, y llevando a cabo, en esa oportu- nidad, trabajos de investigación en el Instituto ' de Mineralogía y *Petrología, sobre formación de minerales, sedimentología y petrología, Por ese entonces, cumplió importantes funciones como Secretario Técnico del OECD y Presidente del simposium “Sedimentología y depósitos de minerales” en el VI Congreso Internacional en Sedimentología, en Delfort, * Holanda, En 1964 es nombrado Director del Insti- tuto Mineralógico y Petrográfico en Alemania, cargo que ocupó debido a su gran experiencia, vastos conocimientos en materia minera y su prestigio como maestro universitario. Ese reco- nocimiento se hizo extenso, al ser nombrado en esa misma nación, profesor de University of Heidelberg. Una década después fue honrado por la Universidad Autónoma de Madrid con el título de Doctor Honoris Causa, por su infa- tigable labor desarrollada por muchas décadas y en diversas partes del mundo en el campo educativo, La prolífera obra de este investigador y maestro universitario, encuentra su totalidad en su activa función como autor de serios tra- bajos sobre minería, en los cuales ha sabido vol- car lo mejor de sus conocimientos y vivencias a lo largo de más de tres décadas de estar por uni. versidades, institutos de investigación y centros mineros e industriales, De esos escritos, cabe mencionar “Rhe Copper deposits Caprichosa and Antachajora in Central Perú”, en 1960; “Exfoliation Weathering ncar Huaraz, Perú”, en 1961”;-“El origen de Depósitos minerales congruentes en Rocas Sedimentarias”, en 1961; “Sand size fraction of South Peruvian branchs and bricf review of genetic grain shape, func- tion” en 1958; “Some petrologic observations in the rock forest of Central Perú”, 1956; “A note on a peculiar association of copper with ' fosil plants in central Perú”, en el año 1955; “Der Rodadero bei Cuzco”, 1955. .. Los trabajos anotados en esta sucinta biografía de Amstutz, constituye un fehaciente e testimonio de su fecunda labor en el cumpo ecológico más aún, hay que señalar un hecho que pone dv manifiesto su espíritu inquicto por divulgar la problemática ycológica, tal es el caso de haber sido el fundador de la into- Tesante Revista Journal Mincralium Deposits, en 1965. Pero esta inquietud, vale decir, no so- \x0camente se queda en la publicación, sino que 'ambién cobra su dimensión como forjador e impulsor de Ja International Society for Geolo- y Of Mineral Deposits. Este brillante profesional también ha per- tenecido a la Sociedad Geológica de Bélgica y a la Sociedad Geológica de Finlandia."
"PEDRO ANDIA MULLER","Nació el 4 de junio de 1938. Realizó sus estudios superiores en la Universidad National de Ingeniería, Facultad de Ingeniería, donde obtuvo -los grados de Bachiller en Ingeniería de Minas e Ingeniero de Minas, entre los años 1961 y 1964... 2 En 1962 viajó a Bélgica para seguir estu- dios de post grado en la Faculté Polytechnique de Mons. obteniendo el título de Maitre en Sciences Apliquées. ; Entre 1976 y 1977 llevó a cabo estudios en Administración de Empresas 'en la Escuela de Administración de Negocios para Gradua- dos (ESAN), titulándose de Magister en Ad- ministración. Ha prestado servicios profesionales en Mauricio Hochschild y Cía. Ltda. S.A.; en la Compañía Minera Caudalosa S.A., como In- geniero Superintendente; Técnico en Minería de la: Oficina Sectorial de Planificación del Mi- nisterio de Energía y Minas, entre los años 1969 y 1970; Jefe de Actividad en el Instituto Científico y Tecnológico Minero, INCITEMI, en 1974; y promotor y consultor de empresas mineras, entre los años 1977 y 1978. En 1979 ingresó a la Empresa Minera del Centro del Perú, 'CENTROMIN PERU, donde permanece hasta la fecha. 4 --> - También ha sido miembro docente de la Universidad Nacional de Ingeniería, entre los años 1964 y 1974. En la mencionada Universi- dad enseñó Economía Minera y Petrolera e In- geniería de Producción. PEDRO MAXIMO ANGELES BETETA Se graduó de Ingeniero de Minas en la Uni- versidad Nacional de Ingenicría. Posteriormente llevó estudios de post gra- do en la Universidad. de Columbia, Estados Uni- “ dos, donde obtuvo el título de Master of Scicn- ce. 0 Presta servicios en el Departamento Aca- :- démico de Metalurgia de la Universidad Nacio- nal de Ingeniería. En 1987 fue elcgido Decano de la F'acul «tad de Geología, Minas y Metalurgia de la UNL \x0c""} '"
"CARLOS ANGELES BRAVO","Nacido el 27 de abril de 1924; cursó sus estudios académicos en la Universidad Nacio- nal de Ingeniería er. la especialidad de Minería, de la cual egresó el uño 1949; su experiencia la realizó en Marcona como Supervisor General de Producción, Ingeniero de Planeamiento de Mina y Supervisor de Planeamiento de-Mina; en Hierro Perú como Supervisor General de Planeamiento de Mina, Superintendente de Operaciones de Minería y Superintendente Ge- neral de Minería. Es fallecido."
"FRANCISCO ANGULO","Ia vasta y valiosa producción dé la mina de azogue de Huancavelica, que por ese enton- ces explotaba cl español don Amador Cabrera, . fue motivo de continuos roces con las autorida- des españolas, terminando aquella situación al adquirir esa mina cel Rey de España el lo. de setiembre de 1570, y siendo así anexada a la corona. En vista de lo cual, el monarca de Es- paña nombró a don Francisco Angulo, goberna- dor de esa provincia, siendo el primero que tu- vo Huancavelica. Ya cn cl desempeño de tan importante puesto, empezaron las labores y apreciación de los metales, siendo vecdor don Pedro de los Ríos nombrado por el virrey don Francisco de Toledo Angulo, quien gobernó hasta 1576 y en su quinquenio se extrajeron 9,137 quintales 91 libras de azogue... A Fue Angulo quien trazó la villa de Huanca- “velica en el año de 1572 por orden del virrey Toledo, denominándola “Villa Rica de Orope- sa”, en honor de Toledo que era hijo de los Condes de Oropesa. $"
"RICARDO ANIYA KOHATSU","Nació en la ciudad de Lima el 28 de agosto de 1948, Posteriormente inició sus estudios primarios en el colegio “Lima San Carlos”, al término de los cuales, estudió secundaria en la Gran Unidad Escolar “Mariano Melgar”. Despertada su vocación por la geología, postuló a la Universidad Nacional Mayor de San Marcos, ingresando al Programa Académi- co de Ingeniería Geológica en el año de 1967. Años depués se graduó de Bachiller en Geología con l1 tesis “Geología y Geotécnica en la Autopista lluaral—Huacho”, en 1973. Un año más tarde, en 1974, se tituló Ingeniero Geólogo. z \x0cComo profesional del vasto campo de la gcología, se dedicó desde sus primeras activi dades a estudios geológicos y geotécnicos apli cados a la comunicación y obras de ingeniería civil, Como reconocimiento a su\'experiencia y conocimientos profesionales, ocupó el Cargo de Ingeniero Jefe del Area de Geología Aplicada y Geodinámica, en el Ministerio de Transportes y Comunicaciones en el año de\'1972 hasta di ciembre de 1979. j En el mes de enero de 1980 ingresó a] Instituto Geológico Minero y . Metalúrgico (INGEMMET), ocupando la responsabilidad de Jefe del Departamento de Estudios Geotécni- cos Especiales. — . Y en más de una década de labores profe- sioríales, ha llevado a cabo importantes traba- jos como su estudio geológico y geotécnico de la carretera Oroya—Pucalipa, en: el sector Oro- ya-Huánuco; su estudio de factibilidad de geo- logía y suelos de la carretera Oroya-Ayacucho- Cuzco, sector Oroya - Huancayo - Ayacucho - Abancay, su estudio geológico preliminar para el trazo de la nueva carretera Lambayeque- Piura por el Desierto de Sechura, ó También ha realizado numerosos e impor- tantes ""estudios geológicos y geotécnicos para carreteras, puentes, obras de arte, irrigación, Además vale anotar sus trabajos sobre fenómo- nos de Gcodinámica Externa tales como deslk zamientos, derrumbes, flujos, huayoos, etc. efectúados en diferentes lugares del Perú."
"LUIS AQUIJE LEYSAQUIA","Este conocido profesional del área minera, nació el año de 1927. Su vocación por la mi nería le permitió seguir estudios de Ingeniería Minera en la Universidad Nacional de Ingenie- ría de donde egresó por elaño de 1958. Ha trabajado cn minería subterránea y cn minería a cielo abierto. , JOSE. ANTONIO ARAMBURU e Editor, publicista y parlamentario, nació - en-la ciudad de Lima el año de 1876. Realizó sus estudios en ol Colegio de la O, en el Inter- nacional y en la Escuela Militar. 0. Posteriormente, se dedicó a la industria ti pográfica, donde obtuvo mucho éxito, y alen- tado por los: buenos resultados, organizó cl taller de\'obras de la imprenta “La Opinión Nacional”, 3 e Tiempo después, José Aramburú fundó la Imprenta Americana, contribuyendo notoria- mente a la difusión de la cultura a través de la publicación de importantes obras. También \x0c'} 'P «4uo colaborador de “La Opinión Na- fue e ola revistas de la capital. DAS | Pes Por ese entonces, se interesó en l minería, | actividad en la que participó como miembro de | la Sociedad de Molibdeno de Rierán. Como hombre de trabajo y de lucha, supo | contribuir 2 uNa bien organizada producción | a amable trato y versada cultura que re- | petidas veces puso de manifiesto en sus artícu- los, hizo de Él figura conocida, siendo en 1911 elegido diputado por Andahuaylas y desde ese nesto de parlamentario, defendió la minería, la educación como también la economía na- cional. . p gls Por ello, su obra mérece el reconocimicn- to de sus coctáneos y generaciones futuras,"
"JORGE JAVIER ARANA MARTINEZ","Cursó sus estudios académicos en la Uni- versidad Nacional del Centro del Perú en la es- pecialidad de Mecánica. Experiencia desarrolla- da en Centromín, como Asistente Técnico del Taller, Jefe del Taller de Mantenimiento y Asis- tente Jefe de Mantenimiento de Concentrados/"
"ALBERTO ARANDA VERCELLI","Estudió en la Universidad de Ingeniería, recinto donde se graduó de Bachiller en Geolo- gía, especializándose en Petrología y Explora- ciones Geológicas."
"ALFONSO ARANDA VERCELLI","Nació en la ciudad de Lima, el 28 de di ciembre de 1936. Después de concluir sus estu- dios básicos, ingresó a la Universidad Nacional Mayor de San Marcos donde se graduó de Inge- niero Geólogo, .. Más tardo, becado por el gobierno de Fran- cía, siguió estudios de post grado, en la especia- lidad de Prospección Geoquímica y Geoestadís- tica en el Centro de Investigaciones Geológi cos y Mincros de Orleans, También llevó estu- dios de post grado en Gcoestadística en la Uni- versidad Nacional de Ingeniería que auspició Minero Perú. Además ha participado en el curso Proyectos de Inversión” en el Instituto Nacio- nal de Administración Pública. Ml En 1964, ingresó al Instituto Gcológico, Ap) y Metalúrgico (INGEMMET). En esta zo ltución participó en estudios geoeconómi- s de los departamentos de Cajamarca y La Libertad. También ha participado en otros tra- y \x0cbajos como los de prospección geoquímica re- gional denominado “Faja de Cobre” y que se efectuaron en los departamentos de Ancash, Lima, Arequipa, Ayacucho, Ica y Huancaveli- ca; miembro representante del Perú en los tra- bajos geológicos realizados por la Misión Fran- cesa del ORSTROM en la región de Puno; participó en la actualización del Mapa Metalo- genético del Perú; también intervino en la eja- boración del Manual de Codificación para la confección del inventario de recursos mineros; y ha participado destacadamente en el ““Sim- posium sobre Técnica de Prospección Minera en los países en vías de Desarrollo”."
"JUAN MANUEL ARANIBAR LOAYZA","Nacido el 26 de junio de 1948; realizó sus estudios académicos en la Universidad Nacio- nal de Ingeniería, especialidad de Minería. Experiencia en Hierro Perú como Asistente Su- pervisor General de Diseño y Perforación."
"HERNANDO ARAUCO FAJARDO","Nació en la ciudad de Lima el 14 de julio de 1925. Inició sus estudios primarios en el Colegio Santo Tomás de Aquino y la educación secundaria en el Colegio Alfonso Ugarte en el año de 1945. Realizó sus estudios universita- rios en la centenaria Universidad Nacional Ma- yor de San Marcos, de la que egresó en 1950 con el título Ingeniero Químico. La trayectoria de este profesional tiene co- mo hito de inicio a la Empresa Cerro de Pasco, a l que ingresa en el año de 1951, para desa- rrollar diversas actividades hasta el año de 1971. En el tiempo transcurrido entre ambas fechas, el ingeniero Hernando Arauco desempeñó car- gos importantes como también desde esas al- tas direcciones, hizo labor educativa, al ense- ñar los más modernos adelantos tecnológicos a muchas generaciones de estudiantes y jóve- nes ingenieros que bajo su mando laboraron. Durante sus dos décadas de actividades por esa empresa, ha trazado una trayectoria signada por el esfuerzo y afán de superación. Las expe- riencias obtenidas en su quehacer diario por los centros mineros de la Cerro de Pasco, han sido óptimos. Su primer contacto con la mencionada cm- presa minera fue en sus tiempos de estudiante universitario, al ser becado por scis semanas para trabajar en la Concentradora Mahr Túnel, Su eficiente labor en esa oportunidad, permitió \x0c'} 'a AD e RATA EN AZ sus servicios pero Arauco no aceptó, debido a que el gobierno peruano le encargó viajar a va- rios países de América Latina a fin de compro- meter la asistencia de delegaciones fraternas a los festejos del cuatricentenario de la Universi- dad Nacional Mayor de San Marcos, A su retorno y ya profesional, aceptó la oferta de la Cerro, laborando en Morococha por el año de 1951; lugar en el que desempeñó como Jefe de Guardia de esa Concentradora, y tiempo más tarde de Cerro de Pasco. En esa actividad permaneció por algunos años, El ingenicro Arauco viajó en 1956 a los Estados Unidos para seguir estudios de post- grado en las Universidades de Colorado y Mon- tana, egresando de esta última con el grado de Master en Preparación Mecánica de Mincrales y Metalurgia, De regreso al país, en el año de 1958, se reintegra a la Empresa Cerro de Pasco y asume responsabilidades sucesivas como Supervisor General de la Planta Piloto de Investigación Metalúrgica, Asistente de Superintendente, has- ta que en 1962 es transferido a Casapalca al cargo de Superintendente de esa Concentrado- . ra. Después es nombrado Superintendente en Cerro de Pasco y en 1966 cs promovido a Su- perintendente del Departamento de Concentra- doras en La Oroya. Posteriormente se ocupa de la Sub-Gerencia Administrativa, para retirarse de la Empresa en mayo de 1971. Atraído por los postulados de la política minera del Gobierno presta sus servicios en MINERO PERU para permanecer en esa empro- sa estatal desde 1971 hasta 1974; siendo en ese lapso Gerente de Beneficios, Director Gerente de Operaciones y Gerente General. Cargos que le permiten luchar para que se lleve a cabo la construcción de la Refinería de llo. Y cs en 1975, desde el lo. de enero que el ingenicro Hernando Arauco ejerce la Geren- econ de Operaciones de CENTROMIN"
"AURELIO ARBILDO LOPEZ","Nació el 25 de abril de 1954 en Rodríguez de Mendoza (Amxonas), realizó sus estudios académicos en la Universidad Nacional Mayor de Sn Marcos, especialidad de Química; ex- . periencia en cl Instituto Peruano de Energía muclear en la Experimentación con RPO,"
"NATHANIEL ARBITER","Cursó estudios superiores en la Escuela de Minas de Columbia University. Ln esta misma \x0c1937, fue asistente de investigación del profe. sor Arthur T. Taggart. En 1943 trabajó como Ingeniero Investigador en Battelle Memoria Institute. Entre los años 1944 y 1951, se de sempeñó como Metalurgista Investigador para Phelps Dodge Corporation en Morenci, Ari. zona y Laurell Hill, New York. Posteriormente sustituyó a Taggart en Columbia University donde enseñó hasta el año de 1968, el curso de Ingeniería de Minerales. Por esta misma fecha se incorporó a la Anaconda Company en Tuc. son, Arizona, como Director Asistente, luego Director de Investigación Metalúrgica y final mente Consultor Metalúrgico. Se mantuvo en h citada empresa hasta elaño de 1977, Poco después, retornó sus actividades aca. démicas en Columbia University. También se dedicó a la actividad de Consultor de empre- sas mineras y de ingeniería en Estados Unidos de Norteamérica, Organización de Estados Americanos, Naciones Unidas y en el Banco Mundial. Actualmente es Profesor Emeritus y Cate- drático Especial de Krumb School of Mines en Columbia University. Ha sido Profesor Visitan- te en la Universidad de California (Berkeley), y ha dictado cursos y charlas en otras universi dades americanas y del exterior. Ha publicado sesenta artículos técnicos y escrito libros como “Proceedings Of the Se- venth International Mineral Processing Cor gress”, “Milling Methods in the Americas”, y la Sección Flotación en el Handbook of Mi- neral Processing de próxima publicación. Es miembro del American Institute of Mining, Metallurgical and Petroleum Engineers desde 1943, habiendo recibido el premio Ri chard del AIME en 1961 y el premio Mineral Industries Education en .1971. En 1975 fue elegido miembro honorario del citado Institu- to, distinción otorgada sólo a cincuenta mien bros. También fue de los primeros miembros distinguidos del Society of Mining Engineers. En 1980 recibió el premio A.M. Goudin del AIME; en 1981 el premio Arthur F. Taggart; y en 1982 honrado con el título Henry Krumb Lecturer,"
"ALBERTO ARCA PARRO","Nació en Ayacucho el 1o. de setiembre del año de 1901. Sus estudios superiores los lle a cabo en la Universidad de San Marcos y en Universidad Norteamericana de Indiana. ., Fue su campo de especialización L tadística, los censos y presupuestos. E - \x0c'} 'las. A AN inteligente estadista, sino que también incur- E en la vida política del país, llegando a ser Senador varias veces por el departamento de o. i ie a tan fogoso parlamentario, fue también estudioso de la realidad peruana, siendo objeto de sus estudios la economia monetaria. Son muy bien conocidos y elogiados sus proyectos para impulsar la minería de l phta, que muchos de los cuales han ejercido notable influencia en la legislación minera, Años después llegó a ocupar el importante cargo de Director de -Minero Perú Comercial,"
"JULIO ARCE","El ingeniero Julio Arce ingresó a la Escucla de Construcciones Civiles y de Minas, luego Escuela de Ingeniería y hoy Uniersidad Nacio- nal de Ingeniería, en el año de 1895. En este mismo centro superior concluyó sus estudios de ingeniería en 1898. Un año después, obtuvo su diploma de Ingeniero de Minas, Llevó a cabo actividades profesionales en el departamento de La Libertad, en el valle de Chicama. Su estudio sobre el citado depar- tamento se encuentra registrado en el tomo Bi- bliografía de esta obra, con la ficha que res- ponde a los números (499)."
"JOSE ARCE HELBERG","Graduado en 1960 como Ingeniero Geólo- go en la Universidad Nacional Mayor de San Marcos, en 1972 obtuvo Bachillerato y Docto- rado en Geología. Especializado en exploraciones geológicas y Geofísica Aplicada, se desempeña como Con- id y ejecutor de exploraciones geofísicas £ minas, aguas subterráneas y estudios geotéc- Da actividad desarrollado en prácticamente a ein del territorio nacional, y también eS. países de América Latina: Ecuador, a 2 Brasil, Colombia, El Salvador, Honduras, Gootí nos a 1972 fue Profesor Asociado de aa En la Universidad Nacional Mayor de e qn de 1969 a 1977 Profesor Asociado, Noia eneral y Aplicada en la Universidad Lor Pr muería, y a partir de 1977 Pro- E ae ES las mismas especialidades, sobre Der ue Co-presidente del Simposio idco E Continental realizado en Monte- ción de PEO y a invitación de la Organiza- Osio de En ciones Unidas participó en el Sim- : año 1970 4 crea Geotérmica que tuvo lugar el en la ciudad de Pisa, Italia, \x0cca del Peru y Presidente del VI Congreso Pe- ruano de Geología reunido en 1987."
"FRANK W. ARCHIBALD","Nació en 1920 en Guanajuato, México, graduándose de Ingeniero de Minas en la Uni- versidad de Montana, EE.UU. Como metalurgista trabajó en las fundi- ciones de El Paso en Texas, y Garfield en Utah. Durante la Segunda Guerra Mundial se alistó en la Marina de Guerra de los Estados Unidos, al- canzando el grado de Teniente Primero de la Armada. En 1957 participó en el diseño de la fund+ ción de Jo, de Southern Peru Copper Corpora- tion, siendo nombrado Superintendente, y en 1960 Vicepresidente y Gerente General de Sou- thern en Toquepala. En 1963 fue elegido Presidente del Direc- torio, y años más tarde Presidente Ejecutivo de la Compañía Asarco, accionista de Southern, En 1976 fue condecorado por el Gobierno del Perú con la Orden al Mérito por Servicios Distinguidos; confiriéndosele también la Orden al Mérito de la Guardia Republicana. La comu- na del Cuzco lo designó Huésped Ilustre; Mo- quegua, Hijo Predilecto y le entregó las llaves de la ciudad; y Tacna la Medalla de la Ciudad Heroica. En Lima dirigió y fue propulsor de la Liga de Lucha contra el Cáncer, y presidió la American Chamber of Commerce. Fue también presidente de la Asociación Peruano-Norte- americana de Nueva York, En 1985, declarado “Hombre del Cobre en el Mundo”, por el Club del Cobre con sede en Nueva York. Falleció en EE.UU. el 29 de diciembre de 1987, a los 67 años de edad."
"ALFONSO ARENAS NEIRA","Nació en el año de 1948. Sus estudios de Ingeniería Industrial los llevó a cabo en la Un+ versidad Nacional Mayor de San Marcos. ; Egresó en 1972 de esta casa de estudios superiores como ingenicro. Es Tiempo después se especializó en costos y materiales para la industria mincra. Actualmente labora como Ingeniero de Costos en Toquepala."
"SANTIAGO VICTOR ARENAS ZAVALETA","Nació el 22 de agosto de 1925 en la ciudad de Trujillo, sus estudios académicos los hizo en \x0c'} '1a UTuvcrsicad ¡iNaciondt ac MIScnicila pue la US pecialidad de Minería. Experiencia obtenida en Cercapuquio como Jefe de Desarrollo, Alianza como Jefe de Mina, Southern Peru Copper como Ingeniero de Mina, Marcona como Jefe Guardia y Asistente Jefe Invest. Opera- ciones; en Hierro Perú en los cargos de Super- visor Plancamiento Largo Plazo, Supervisor Ge- neral Planeamiento y Superintendente de Pla- neamiento de Minas. Egresó de la Universidad de Ingeniería el año 1949."
"CESAR AUGUSTO ARESTEGUI VELA","Estudios académicos recibidos en la Uni- versidad Nacional Mayor de San Marcos en la especialidad de Geología. Experiencia obtenida en Huampar como Gcólogo Asistente y enCen- tromín como Geólogo Asistente-Morococha."
"HERNAN AREVALO DEL CARPIO","Nació en Arequipa el 9 de abril de 1931. Realizó sus estudios de ingeniería de minas en la Universidad Nacional de Ingeniería, donde obtuvo el título de ingeniero de minas en el año de 1957. Poco después, cursó estudios de post grado en Montana School of Mines, Esta- dos Unidos de Nortcamérica. También realizó los estudios del Programa de Agency Internatio- nal of Development, en Quito, Ecuador, en la especialidad de Proyectos de Inversión. Desempeñó profesionalmente en los si- guientes centros mineros: Compañía Minera San Juan de Lucanas, Compañía Minera Milpo, Sociedad Minera El Brocal, Consorcio Meta- lúrgico Comesa, Cerro de Pasco Corporation, y Minero Perú. También ha trabajado en enti- dades mineras como la Oficina Regional del Sur (ORDISUR), Ministerio de Energía y Minas, Instituto Científico y Tecnológico Minero (INCITEMD) y en la Junta del Acuerdo de Car- tagena (Grupo Andino). Publicó diversos trabajos sobre metalur- gl y energía, entre los años 1957 y 1981. Tam- bién es bueno anotar que fue fundador de la revista estudiantil “Independencia” en el año de 1948; y cn 1957 dirigió la revista “Minas”."
"ROGER AREVALO RAMIREZ","El economista Roger Arévalo Ramírez, se graduó en la Universidad Nacional Mayor de San Marcos. Posteriormente, siguió estudios de post grado en la misma Universidad en las espo- a >< ""20 LO0 mao \x0cA Er AID HO* CO nÓMICO if ción y Finanzas Públicas. > Planifica. También ha seguido estudi . namiento en Finanzas de Eds SS ESAN. MR IPAE y Su actividad como economista se halla vinculada al quehacer minero, ya que no ta sólo es Consultor de empresas mineras y Jefe E Estudios Económicos y Estadística de la Socio. dad Minera, sino que también es co-autor as interesantes trabajos editados por el ingeniero Daniel Rodríguez Hoyle tales como “La Mine- ría Metálica en la Economía Peruana”, “Ja Minería Metálica 1971” y “Perú Minero 1974”. Su interés en la minería como tema de su predilección, es significativo en su labor de eco- nomista, lo que ha quedado claramente eXpre- sado en los títulos referidos como en Numero- sos artículos sobre econo mía minera. Es evidente que su misión acerca de la eco- nomía minera peruana no sólo ha sido Teseña- da en sus trabajos publicados, sino que ha sabi do y sabe volcar dichas experiencias y conoci mientos en el dictado de los cursos de Econo- mía y Mercadotecnia, en su condición de profo- sor Universitario."
"VICTOR ARGUELLES MENDOZA","Realizó estudios en la Facultad de Cien- cias, Escucha e Instituto de Geología, de la Uni- versidad Nacional de San Agustín de Arequipa, en 1958 a 1963. En 1969 cursó estudios de post grado en Stanford University, obteniendo el título de Master Of Sciences, Estudió Estimación de Reservas Minerales por Geoestadística en la Escuela de Minas de Mackay de la Universidad de Nevada, Estados Unidos de Norteamérica 1975. Ha trabajado en Cerro de Pasco Corpora- tion, como Geólogo de Mina Subterránea, 1964. En el desempeño de dicho cargo, realizó labores en Yauricocha y Casapalca, 1966 a 1970. En estas mismas empresas a prestado ervicios como Analista de Gcoestadística, 1976 a 1980. Desde febrero de 1981 es mient- xro del Departamento de Geología de Buena- \'entura Ingenieros S.A."
"SAMUEL ARQUINIO ARTEAGA","Nació el 8 de julio de 1950 en la provir ia de Ocros, Ancash. Entre los años 1957 Y 967, inició y terminó sus estudios tanto de ducación primaria como de educación secur- aría, en los centros escolares Escuela a jonal No. 353 de Ocros y Colegio Nacio juestra Señora de Guadalupe. \x0c'} 'Fue en el año de 1969, que llevado por su vocación a la metalurgia ingresó a la Universi- dad Nacional de Ingeniería para estudiar en el Programa Académico de Ingeniería Metalúrgi- ca, donde se graduó y tituló de Bachiller en Metalurgia e Ingeniero Metalurgista. En su condición de profesional, Samuel Arquinio Arteaga tuvo su primer contacto con la docencia universitaria, como profesor auxiliar del curso de Metalurgia Extractiva en la Univer- sidad Nacional de Ingeniería, en el año de 1976. Por ese entonces, viajó a Francia con la finali- dad de realizar estudios de post grado en la Universidad de Grenoble obteniendo así su Cer- tificado de Metalurgia en 1977. Un año des- pués obtuvo en ese mismo país su diploma de estudios en “Metalurgia Especial” del Instituto de Ciencias y Técnicas Nucleares de Socley. En ese mismo año, prestó servicios profe- sionales en el Centro de Materiales de la Escucla de Minas de París, en condición de investigador metalúrgico. Entre los años 1978 y 1979 logró obtener su Diploma de Estudios Superiores Especializa- dos de “Proyección de Producción y Desarro- llo Industrial” del Instituto de Estudio de De- sarrollo Económico y Social de la Universidad de París I —Pantheon— Sorbonne, Francia. De retorno al Perú, empezó a prestar servi cios en el Instituto Geológico Minero y Meta- lúrgico (INGEMMET), como investigador en el área de Metalurgia Especial desde el mes de marzo de 1980, Samuel Arquinio Arteaga, asistió a varios eventos tales como “Control no Destructivo «de Metales” organizado por la Universidad Na- cional de Ingeniería y la Organización de los Estados Americanos (OEA), en Lima, en 1974; “Tratamiento Térmico de Aceros” auspiciado por L Universidad Nacional de Ingeniería y el Insituto de Planificación Nacional (INP), 1975; “Seminario Sobre Control de Calidad” realizado por el Instituto de Investigación Tec- nológica en la ciudad de Lima, en elaño 1975; y el 21o. Colloque de Metallurgie: “Alliazes ct rd Amorphos”, en Sacley, Prancia, .. Hay que mencionar, a lo expuesto, sus tra- bajos de investigación ya publicados como su Estudio de Pro-Factibilidad para la Instal- ción de una Planta de Fierro Esponja en Chim- bote”. trabajo que fue su tesis de bachiller, 1975; y Memoria del DEA de Metalurgia Ispe- cial “Le control Non Destrutif des Aciers”, \x0convenio ARMINAS. Arquinio Arteaga conoce l idioma francés y en parte los idiomas inglés italiano,"
"AGUSTIN ARIAS CARRACEDO","Don Agustín Arias Carracedo nació en España, y es indudable que su predilección por las tierras de América, se debió a la fama que éstas gozan en esa península ibérica. Decidido a probar fortuna, llegó a la veci na República del Eacuador, donde trabajó al- zún tiempo, pasando luego al Perú. Ya en la ciudad de Lima, tras muchas con- sultas en búsqueda de un lugar para sus futuras actividades, viajó a La Oroya, lugar en el que laboró infatigablemente, contando a causa de su iniciativa con la ayuda de muchos dirigentes de la Cerro de Pasco Mining Company, quie- nes acordaron darle algunas facilidades que le permitiera explotar por su cuenta propia la negociación conocida como “La Galera”. Ante tales perspectivas que el campo minero le abría, decidió establecerse definitiva- mente en ese sector de la producción; sector en el cual, después de muchos años de dura lucha, se convirtió en el poseedor de diez asientos mineros. Prueba de ello son sus sonados éxitos obtenidos en la explotación de sus minas en Morococha, Cerro de Pasco, Huancavelica, Cas- trovirreyna y Lircay. Cabe mencionar en el conjunto de sus ac- tividades, su participación en la Compañía Francesa de Huarón; Presidente del Directorio de la Compañía Arturo Field y la Estrella Limi- tada. ; También pertenece al Directorio de nume- rosas sociedades anónimas e instituciones ban- carias, las que han cobrado impulso gracias a su gran experiencia y habilidad en los negocios."
"JESUS ARIAS DAVILA","Nació el 19 de diciembre de 1924 en la ciudad de Cerro de Pasco, Barrio de La Espo- ranza. Hizo sus estudios primarios en el Colegio Salesiano de Huancayo, y los secundarios en el Colegio Mariscal Castilla de Tarma, Hijo del ilustre minero don Agustín Arias Carracedo, también Jesús Arias Dávila dedicó todos sus esfuerzos, desde muy joven, al desa- rrollo de la minería, destacando, en todo mo- miento, por su tenacidad de hombre de esfuer- zo, y por su excepcional capacidad empresa- rial, consagrándose como uno de los líderes de esu difícil actividad. Las organizaciones mineras que dirige abarcan gran parte del territorio na- \x0c'} 'cional. Su nombre está asociado a muchas empre- sas que ocupan destacado lugar en el cuadro general de la minería peruana. En el norte, l Compañía Minera Ponderosa (oro) en la provir- cia de Pataz; en el sur la Compañía Minera Regina (tungsteno) en Palca, Puno; y, en el cen- tro, la Compañía Minera San Ignacio de Moro- cocha, la más importante explotación privada peruana de zinc, y la mina San Vicente en la zona de San Ramón. Ha trabajado, asimismo, la Calera Shinca Machay, Calera Cut Off, Compañía Minera Las Dos Naciones, Compañía Minera Azulcocha, Minera La Virreyna, Minera El Extraño, Unión Minera S.A. y muchos otros yacimientos. Por su prestigio empresarial ha integrado los Directorios del Banco de la Nación, Banco Continental, Compañía de Seguros La Interna- cional, Compañía de Seguros Peruano Suiza, Consorcio Metalúrgico S.A., y los de las diver- sas organizaciones mineras impulsadas por su espíritu creador. Ha integrado el Consejo Directivo de la Sociedad Nacional de Minería y Petróleo, y en 1988 el Instituto Peruano de Adininistración de Empresas, IPAE, le otorgó el Premio al Empre- sario del Año."
"LUZ CONSUELO ARIAS LESCANO","Nació el 19 de mayo de 1936 en la ciudad de Cañete (Lima); hizo sus estudios académ+ cos en la Universidad Nacional Mayor de San Marcos en la cspecialidad de Química. l\'xpe- riencia en cl Instituto Peruano de Energía Nu- clear en Bromatología y Radioquímica."
"ISABEL ARIAS DE AMADORI","Nació el 15 de julio de 1952. Cursó estu- dios en la Universidad de Lima, obteniendo el grado de Bachiller en Ciencias Administrativas. Posteriormente, llevó a cabo estudios de post grado en l Escuela Superior de Administra- ción (ESAN), graduándose de Magister en Ad- ministración de Impresas; y en el Institute European d\' Administration des affaires (IN- SEAD), Fontainbleau, lrancia, en la especiali- dad Comercio Internacional, Inició Lbores profesionales en Industria- lización de Alimentos S,A., en 1972. En 1974 trabajó en Compagnie des Mines de 2ñarro- ya, París, Francia, En 1976 empezó lavores en la Cía. Minera San Ignacio de Morococha S.A., como adjunto a la Gerencia Gencral, cargo en el que se mantiene hasta la fecha (1982). \x0cAGUSTIN ARIAS PONCE DE LEON Este destacado ingeniero y mae versitario nació en la ciudad de Lima, el lo, q noviembre de 1918, y tuvo como padre al die tinguido minero don Agustín Arias Camacedo, Concluidos sus estudios básicos, viajó q Alemania, donde inició estudios superiores es que culminó en la Escuela de Minas de Michi. cd Ps ingeniero metalurgista por el año de A su retorno al Perú, empezó labores co. mo metalurgista en la Cerro de Pasco Corpo- ration, en los centros Mahr Tunel, Cerro de Pay co y Morococha, Más tarde, poseedor de gran experiencia y conocimientos en materia minera, se vinculó al cuerpo docente del Departamento de Minas de la Universidad Nacional de Ingeniería, don- de dictó magníficas clases, También desarrolló labor institucional en el Instituto de Ingenieros de Minas del Perú."
"RUBEN ARIZABAL VILLAFUERTE","Nació en el Cuzco el 6 de julio de 1937, Estudió en el Colegio San Francisco de Asís de esa ciudad. En Lima, ingresó a la Universidad Nacional de Ingeniería en 1955, graduándose Ingeniero de Minas en 1960, con la tesis ““Geo- logía Económica de la Mina La Purísima”, ubicada en la provincia de Huarochirí. Ha trabajado en importantes empresas del sector privado: Compañía Minera Pacococha, Northern Peru Mining Co., Compañía Minera Porvenir de Huaraz, Cerro de Pasco Corpora- tion, Compañía Minera Raura, en la dirección de funciones operativas, y también como Con- sultor, tanto en empresas particulares como Millotingo, Gran Bretaña, Arcata, Milpo, Ata"" cocha, Buenaventura, cuanto en organizaciones estatales: Cerro Verde, Centromín y otras. Entre los trabajos de investigación realiza. dos están: Modificación del Sistema de Explo- tación en Casapalca y Quiruvilca, Optimización de los Trabajos a Ciclo Abierto en Corro de Pas co, Productividad Minera en la Mina Raun, Diseño de Nuevos Bancos en la Mineriá 2 Cielo Abierto en Cerro Verde, Planificación de ES Optima Productividad en la Mineria A nea en la Mina Uchucchacua, y otros de optin zación y productividad. 4 y Domina los idiomas inglés y quechua, es Master en Cienciasen la Universidad de Penmn- silvania, LF, UU. Stro uni \x0c'} '"
"EMILIO ARVMVANCA RAIVIOS","Ingeniero Químico graduado en 1975 en La Universidad Nacional de San Agustín, Are- quipa. Hizo sus prácticas en la Planta Concen- tradora y Laboratorio Químico de la Southern en Toquepala, y en el Banco Industrial de Are- uipa. a Ha trabajado en la Planta Concentradora de las Minas Chapi, Arequipa; Jefe de Labora- torio en Minero Perú, Juliaca; Jefe de Labora- torio en la Minera Caylloma; Jefe de Planta Concentradora en la Compañía Minera Kro- mar, de Juliaca; y Superintendente Químico del Fondo Rotatorio de las Naciones Unidas. En la Universidad Nacional de Tacna de- sempeñó la Jefatura de Prácticas del Curso de Química Inorgánica, los años 1978 y 1979."
"ARTURO D. ARRARTE CONGRAINS","Ingeniero Industrial, egresado de la Univer- sidad Nacional de Ingeniería en el año de 1966. En el desarrollo de sus actividades ocupó el cargo de Gerente General de Química Univer- sal S.A. También ha sido profesor de la Universi- dad de Lima y de la Universidad Nacional Ma- yor de San Marcos. Además, se ha desempeña- do como Delegado ante la ALALC (Asociación Latinoamericana para el Libre Comercio) y asesor de la Sociedad de Industias. En 1979, postuló al cargo de Pro-Secrcta- rio del Colegio de Ingenieros del Perú."
"LUIS DE ARRIATA Y GUEVARA","El maestro de campo don Luis de Arratía y Guevara, fue nombrado por el Rey, Corregi- dor de la Villa Rica de Oropesa y Minas de Huancavelica, allá por el año de 1607, el Lo. de noviembre y con el objeto de reemplazar a don Alonso de las Infantas por diversos motivos ocurridos en el virreinato del Perú. Años después, entre su quehacer exitoso de ese mando, viajó a España con la finalidad de tratar asuntos de minas y de moneda, OSCAR ARREDONDO BASSO Nacido el 17 de mayo de 1933: cursó sus estudios académicos en Louisiana State Univer: Sity, especialidad de Minería; experiench en \x0cMaIcona como Asistente Geólogo, Auditor, Analista de Sistemas, Analista de Costos, Ana- lista de Costos Senior, Controlador de Proyec- tos, Analista Mayor Contabilidad y en Hierro Perú como Director de Costos y Analista Ma- yor de Costos,"
"GUIDO TIMOTEO ARROYO PAUCA","Nació en Arequipa el 24 de enero de 1948. Sus estudios académicos los hizo en la Universidad Nacional San Agustín en la espe- cialidad de Geología. Experiencia acumulada en el Instituto Peruano de Energía Nuclear como Geólogo Geoquímico y en Geología del Uranio."
"VALDEMAR ASSUREIRA GUERRA","Llevó a cabo sus estudios de educación básica en los colegios Fiscal Nacional de Iquitos y Superior de Lima, entre los años 1936 y 1945. Ingresó a la Escuela Nacional de Ingenie- ros, hoy. Universidad Nacional de Ingeniería, en 1946. En 1951 se graduó de Ingeniero de Minas. En 1952 trabajó en la Cía. Minera Santo Toribio S.A., como Superintendente de Minas y Superintendente General En 1955 prestó servicios profesionales en Minería Atacocha S.A., permaneciendo hasta el año 1970. A par- tir de esta última fecha hasta 1981, trabajó en las siguientes empresas: Cía. Minera Chuvilca S.A., como Gerente; Cía. Minera Catac S.A., como Superintendente General; Cía. Minera Alianza S.A., como Superintendente General; Estasa; como Consultor minero; y Cía. Minera El Altiplano S.A., como Asesor Técnico. De 1981 a la fecha, se desempeña como Gerente de Colquiminas S.A."
"JOSE M. ASPIAZU","Ingresó a la Escuela de Construcciones Civiles y de Minas, luego Escuela de Im genieros y hoy Universidad Nacional de Inge- niería, en el año de 1903. En 1906 concluyó sus estudios de ingeniería de Minas. Se diplomó de Ingeniero de Minas. Escribió sus memorias de los asientos mi- neros de Casapalca, Pataz y Pallasca. Estas mo- morias mineras se encuentran registradas en cl tomo Bibliografía de esta obra, con la ficha que responde a los números ($86) y (587). Formó parte de la promoción de ingenic- ros de minas 1906. \x0c'} 'DANIEL ASPILCUETA Labora en el yacimiento minero Cerro verde de MINERO PERU, en condición de in- geniero mctalurgista, Su árca de actividades son las Plantas Piloto Laboratorios, en el departa- mento de Arequipa."
"BALDOMERO ASPILLAGA","Don Baldomero Aspíllaga nació en la ciu- dad de Lima por el año de 1867. Al concluir sus estudios básicos, ingresó a la Escuela de In- genieros de Lima, donde se recibió de Ingeniero de Minas en 1891. Por esa misma fecha, viajó a Europa en viaje de estudios, y al retorno del mismo visitó diversas zonas mineras del Perú, Pero interesado por la industria azucarera, se dedicó a esa producción en el departamento de Lambayeque; industria a la que impulsó no- tablemente. Posteriormente, se vinculó a las esferas políticas del país, destacándose rápidamente, y siendo elegido diputado por la provincia de Jaén en 1901. ? Dos años más tarde, formó parte de la Me- sa Directiva de la Cámara de Diputados en el cargo de Vicepresidente, Su actividad empresarial se hizo extensiva a la Compañía Peruana de Vapores, ocupando más tarde el Directorio de esa Compañía. Durante su vida política, se caracterizó por ser elocuente expositor y defender dura- mente los lincamientos políticos del Partido Civil, al cual perteneció. ; Este profesional del área minera y conoci do político, dejó de existir en Italia, en el mes de junio de 1921."
"VENANCIO ASTUCURI TINOCO","Venancio Astucuri Tinoco, egresó en el \x0co año de 1972 de la Universidad Naciona] de 1 genicría, para graduarse de ingeniero meta] A gista el año de 1976. e Posteriormente prestó sus se Cerro de Pasco y en SIDERPER los que ganó gran experiencia, permitié ingresar al Instituto Científico o Minero, en 1975 y donde ocupó los ca E Ingeniero Metalurgista Asisten > dor I, Venancio Astucuri Tinoco llevó POr esos años, estudios de post grado tales como For- tran IV, Plancamiento y Programación de Pro. yectos, Formulación y Evaluación de Proyectos de Inversión, Control Estadístico de la Calidag y Aspectos Metalúrgicos de los Líquidos Quj. micos y Elaboración y Evaluación de Proyoc. tos, Cabe señalar, su asistencia al seminario para superiores ESAN y el Primer Seminario de Siderurgia, que se efectuó en el año de 1977,"
"JUSTO AYAMAMANI ARAPA","Estudios académicos realizados en la Uni- versidad Nacional San Agustín en la especiali dad de Química. Su experiencia la ha realizado en Minero Perú como Analista en la refinería de llo."
"PELAGIO EFRAIN AYBAR AYBAR","Ivicios en U, lugares en te e Investiga. Nació el 22 de marzo de 1942; realizó sus estudios académicos en la Universidad Na- cional San Luis Gonzaga de Ica, en la especial+ dad de Mecánica. Experiencia obtenida cn h Universidad San Luis Gonzaga como Profesor Auxiliar de Ingeniería; en Marcona como Su- pervisor de Planeamiento, Mantenimiento Y Programación; en Hierro Perú en el puesto de Asistente Supervisor General. * rid rep pl sal An \x0c'}"
